station_name,station_id,station_lat,station_lon,station_region_id,distance_center,nearest_museum_dist,nearest_museum_name
Eads St & 15th St S,31000,38.858971,-77.05323,41,4733.7528933471895,3555.4822757909187,UNITED STATES HOLOCAUST MEMORIAL MUSEUM
Crystal Dr & 20th St S,31002,38.856425,-77.049232,41,4964.070669428413,3652.888659822035,UNITED STATES HOLOCAUST MEMORIAL MUSEUM
Crystal Dr & 15th St S,31003,38.861056,-77.049417,41,4454.943072641146,3193.831263875724,UNITED STATES HOLOCAUST MEMORIAL MUSEUM
Aurora Hills Cmty Ctr / 18th St & S Hayes St,31004,38.857866,-77.05949,41,4979.620371813799,3955.1797091318485,UNITED STATES HOLOCAUST MEMORIAL MUSEUM
Pentagon City Metro / 12th St & S Hayes St,31005,38.862303,-77.059936,41,4521.399546401745,3593.8806981349353,UNITED STATES HOLOCAUST MEMORIAL MUSEUM
Army Navy Dr & S Joyce St,31006,38.86331354301248,-77.06341624259947,41,4522.970479310304,3720.3247948428716,UNITED STATES HOLOCAUST MEMORIAL MUSEUM
Crystal City Metro / 18th St & S Bell St,31007,38.85778509815245,-77.05169767141342,41,4841.474617518383,3607.2610872162713,UNITED STATES HOLOCAUST MEMORIAL MUSEUM
Crystal Dr & 27th St S,31009,38.848466,-77.051514,41,5864.3416998794855,4546.196601958978,UNITED STATES HOLOCAUST MEMORIAL MUSEUM
S Glebe Rd & Potomac Ave,31010,38.8426,-77.0502,41,6499.7016054858295,5124.232976901313,UNITED STATES HOLOCAUST MEMORIAL MUSEUM
Crystal Dr & 23rd St S,31011,38.852929,-77.049723,41,5354.498792089588,4028.1067486316333,UNITED STATES HOLOCAUST MEMORIAL MUSEUM
Clark St & 26th St S,31012,38.850688,-77.05152,41,5619.645257569442,4317.108582031885,UNITED STATES HOLOCAUST MEMORIAL MUSEUM
19th St & Pennsylvania Ave NW,31100,38.9003,-77.0429,42,75.10436582199475,307.2978422344581,LUTHER W. BRADY ART GALLERY
14th & V St NW,31101,38.9177645,-77.032096,42,2109.38268253494,555.9017925539055,HOUSE OF THE TEMPLE
11th & Kenyon St NW,31102,38.929464,-77.027822,42,3443.4410226604887,667.6440183977965,"THE HISTORY OF CANNABIS MUSEUM
"
15th & Harvard St NW,31103,38.92612422246211,-77.03542068600655,42,2882.4205098828193,83.48014880391476,MEXICAN CULTURAL INSTITUTE
Adams Mill & Columbia Rd NW,31104,38.922925,-77.042581,42,2445.8740962263937,485.52431061687093,MERIDIAN INTERNATIONAL CENTER
14th & Harvard St NW,31105,38.9268,-77.0322,42,3032.1505241595814,360.5178878569589,MEXICAN CULTURAL INSTITUTE
Calvert & Biltmore St NW,31106,38.923203,-77.047637,42,2504.3526134194717,884.300324893327,MERIDIAN INTERNATIONAL CENTER
Lamont & Mt Pleasant NW,31107,38.9319,-77.0388,42,3463.489563321567,291.7767569002092,POWHATAN MUSEUM
4th & M St SW,31108,38.876697,-77.0178975,42,3475.1503014054265,905.38315862478,MUSEUM OF THE BIBLE
15th & P St NW,31201,38.90980062655191,-77.03442692756653,42,1252.4811877525933,162.04781593216097,U.S. DAUGHTERS OF 1812 LIBRARY AND MUSEUM
14th & R St NW,31202,38.913046,-77.032008,42,1666.571307555332,338.8823221264053,HOUSE OF THE TEMPLE
14th & Rhode Island Ave NW,31203,38.9086,-77.0323,42,1281.0644226313107,133.50815476806284,MARY BETHUNE COUNCIL HOUSE
20th & E St NW,31204,38.8963,-77.045,42,531.5306500409322,292.79877097406444,INTERIOR MUSEUM
21st & I St NW,31205,38.90071062547463,-77.04644858837128,42,273.9392023399258,100.14242479352036,LUTHER W. BRADY ART GALLERY
Georgia & New Hampshire Ave NW,31400,38.9366839345886,-77.02418088912964,42,4304.673120255065,206.88361740343802,"THE HISTORY OF CANNABIS MUSEUM
"
14th St & Spring Rd NW,31401,38.9375,-77.0328,42,4163.901593292475,609.6598167223402,POWHATAN MUSEUM
John McCormack Dr & Michigan Ave NE,31502,38.9346,-76.9955,42,5584.064502616987,200.74428422665463,AMERICAN POETRY MUSEUM
5th & K St NW,31600,38.90304,-77.019027,42,2118.9409313569427,342.8241909905827,HISTORICAL SOCIETY OF WASHINGTON DC
19th & East Capitol St SE,31601,38.8896,-76.9769,42,5895.473067543549,2347.657604903474,SEWALL-BELMONT HOUSE AND MUSEUM
Park Rd & Holmead Pl NW,31602,38.9308,-77.0315,42,3473.499874308906,391.57089119987086,POWHATAN MUSEUM
Good Hope & Naylor Rd SE,31700,38.861663,-76.969184,42,7767.398902007295,868.3216779202274,ANACOSTIA COMMUNITY MUSEUM
Connecticut Ave & Newark St NW / Cleveland Park,31305,38.934267,-77.057979,42,3916.8603029855817,509.3941286099067,NATIONAL ZOOLOGICAL PARK
Randle Circle & Minnesota Ave SE,31702,38.878,-76.9607,42,7604.011185355246,2673.1565392627194,FREDERICK DOUGLASS NATIONAL HISTORIC SITE
Minnesota Ave Metro/DOES,31703,38.897063,-76.947446,42,8326.184039707647,2586.5850170792537,THE NATIONAL BONSAI AND PENJING MUSEUM
Nannie Helen Burroughs & Minnesota Ave NE,31704,38.901385,-76.941877,42,8798.286763760463,2720.3712508231656,THE NATIONAL BONSAI AND PENJING MUSEUM
Anacostia Metro,31801,38.862669,-76.994637,42,5986.847099287035,247.3041312052825,AMERICA'S ISLAMIC HERITAGE MUSEUM
Good Hope Rd & MLK Ave SE,31802,38.867373,-76.988039,42,6069.886591010946,507.9249408777932,FREDERICK DOUGLASS NATIONAL HISTORIC SITE
19th & E Street NW,31206,38.8952,-77.0436,42,633.3121198932469,120.58272813455025,INTERIOR MUSEUM
4th & W St NE,31500,38.919077,-77.000648,42,4214.019245541884,1557.6613788271818,GALLAUDET UNIVERSITY MUSEUM
10th & U St NW,31111,38.9172,-77.0259,42,2356.2987965660036,96.71685408180407,AFRICAN AMERICAN CIVIL WAR MEMORIAL MUSEUM
Georgia Ave and Fairmont St NW,31207,38.9249,-77.0222,42,3232.3007133238243,113.41714828551925,HOWARD UNIVERSITY GALLERY OF ART
1st & N St SE,31209,38.8743,-77.0057,42,4400.2887639060855,913.0207859246188,NATIONAL MUSEUM OF UNITED STATES NAVY
20th St & Florida Ave NW,31110,38.9154,-77.0446,42,1613.6436617846487,117.31253264521673,L. RON HUBBARD HOUSE
7th & T St NW,31109,38.9155,-77.0222,42,2444.696425683401,293.4140878187172,AFRICAN AMERICAN CIVIL WAR MEMORIAL MUSEUM
Eads St & 22nd St S,31013,38.85438051517749,-77.05341160297394,41,5238.284876381966,4011.6181141009024,UNITED STATES HOLOCAUST MEMORIAL MUSEUM
M St & New Jersey Ave SE,31208,38.8763,-77.0037,42,4388.911268258447,813.7494971159864,NATIONAL MUSEUM OF UNITED STATES NAVY
Massachusetts Ave & Dupont Circle NW,31200,38.9101,-77.0444,42,1025.7731843539495,176.32235220450346,WHITTEMORE HOUSE
1st & M St NE,31603,38.905697,-77.005483,42,3323.3490354805463,871.2660401021558,NATIONAL POSTAL MUSEUM
New Hampshire Ave & Ward Pl NW,31212,38.90571079190728,-77.0473176240921,42,637.7146163236827,320.35513980544965,O STREET MUSEUM FOUNDATION
17th & K St NW,31213,38.90276,-77.03863,42,454.692442208501,272.8787666788262,NATIONAL GEOGRAPHIC MUSEUM
3rd & H St NW,31604,38.899408,-77.015289,42,2435.537343390579,268.6698419444297,NATIONAL BUILDING MUSEUM
3rd & D St SE,31605,38.8851,-77.0023,42,3965.979146733316,783.0491017828782,EXHIBITION HALL AT THE U.S. CAPITOL VISITOR CENTER
Potomac & Pennsylvania Ave SE,31606,38.8803,-76.9862,42,5456.342604060155,1128.9410588879466,NATIONAL MUSEUM OF UNITED STATES NAVY
13th & E St SE,31607,38.88291548476762,-76.98790669441223,42,5204.033232560868,1270.8440380903207,NATIONAL MUSEUM OF UNITED STATES NAVY
17th & Corcoran St NW,31214,38.9121,-77.0387,42,1305.8074113636644,305.5593782265191,HOUSE OF THE TEMPLE
Van Ness Metro / UDC,31300,38.944551,-77.063896,42,5164.554151986837,983.0794480389247,HILLWOOD MUSEUM
Florida Ave & R St NW,31503,38.9126,-77.0135,42,2892.8354544571102,1113.6010233281704,AFRICAN AMERICAN CIVIL WAR MEMORIAL MUSEUM
8th & Eye St SE / Barracks Row,31608,38.8792,-76.9953,42,4811.055240205468,684.3471185173794,NATIONAL MUSEUM OF UNITED STATES NAVY
Ward Circle / American University,31301,38.938736,-77.087171,42,5667.296700474954,48.287281139357525,AMERICAN UNIVERSITY MUSEUM AT THE KATZEN ARTS CENTER
Wisconsin Ave & Newark St NW,31302,38.934881,-77.072755,42,4555.912351348739,1308.5234212875937,AMERICAN UNIVERSITY MUSEUM AT THE KATZEN ARTS CENTER
14th St Heights / 14th & Crittenden St NW,31402,38.947774,-77.032818,42,5282.466711553004,1615.033854953771,"THE HISTORY OF CANNABIS MUSEUM
"
Anacostia Library,31804,38.865784,-76.9784,42,6848.963943281596,645.819020132115,FREDERICK DOUGLASS NATIONAL HISTORIC SITE
Pennsylvania & Minnesota Ave SE,31805,38.873057,-76.971015,42,6992.041475796784,1632.2522262391767,FREDERICK DOUGLASS NATIONAL HISTORIC SITE
Eastern Market / 7th & North Carolina Ave SE,31610,38.886952,-76.996806,42,4320.6062709552525,837.4856047322874,SEWALL-BELMONT HOUSE AND MUSEUM
14th St & New York Ave NW,31216,38.899632,-77.031686,42,1017.2761635363572,184.1807554300307,ARMENIAN GENOCIDE MUSEUM AND MEMORIAL
Benning Branch Library,31705,38.894,-76.947974,42,8305.055062392566,2790.715691045807,THE NATIONAL BONSAI AND PENJING MUSEUM
USDA / 12th & C St SW,31217,38.88627694506511,-77.02824175357819,42,2083.7340511862953,234.2416551403105,FREER GALLERY OF ART
Georgetown Harbor / 30th St NW,31215,38.902314,-77.0591415,42,1383.1271910049375,989.6836625968225,DUMBARTON HOUSE
12th & Newton St NE,31501,38.933668,-76.991016,42,5813.2661712808995,358.1760959725384,AMERICAN POETRY MUSEUM
US Dept of State / Virginia Ave & 21st St NW,31220,38.894919,-77.046587,42,722.6126946499139,349.8410748904611,INTERIOR MUSEUM
L'Enfant Plaza / 7th & C St SW,31218,38.886266,-77.022241,42,2444.8191714400145,245.75199259617477,HIRSHHORN MUSEUM AND SCULPTURE GARDEN
10th St & Constitution Ave NW,31219,38.893028,-77.026013,42,1735.7243018066397,201.1517969137432,NATIONAL MUSEUM OF NATURAL HISTORY
Kennedy Center,31211,38.897293,-77.05557,42,1137.2414217202943,811.5418397070849,THE TEXTILE MUSUEM
Eastern Market Metro / Pennsylvania Ave & 8th St SE,31613,38.88409514578027,-76.99523448944092,42,4568.317762683827,1163.4654946697012,SEWALL-BELMONT HOUSE AND MUSEUM
18th & M St NW,31221,38.90506687455313,-77.04177886247635,42,481.0312407053011,314.79755116682793,NATIONAL GEOGRAPHIC MUSEUM
Tenleytown / Wisconsin Ave & Albemarle St NW,31303,38.947607,-77.079382,42,6056.082704505121,1145.801681032815,AMERICAN UNIVERSITY MUSEUM AT THE KATZEN ARTS CENTER
13th & H St NE,31611,38.90042673988099,-76.98825001716614,42,4775.731833216077,829.6890431006055,GALLAUDET UNIVERSITY MUSEUM
5th & F St NW,31620,38.897222,-77.019347,42,2117.6433926444247,166.6473921373167,NATIONAL BUILDING MUSEUM
New York Ave & 15th St NW,31222,38.89903234416315,-77.03335404396057,42,887.3566435239936,225.71508998777537,ARMENIAN GENOCIDE MUSEUM AND MEMORIAL
Convention Center / 7th & M St NW,31223,38.905737,-77.02227,42,1901.6189515943215,350.6848670125022,HISTORICAL SOCIETY OF WASHINGTON DC
Harvard St & Adams Mill Rd NW,31112,38.927872,-77.043358,42,2994.269732882834,685.6115313731049,MEXICAN CULTURAL INSTITUTE
18th & L St NW,31224,38.903741450919384,-77.04245209693909,42,323.901347447385,406.08409737400854,NATIONAL GEOGRAPHIC MUSEUM
C & O Canal & Wisconsin Ave NW,31225,38.90375,-77.06269,42,1711.4911507314189,703.9849452107951,SPAGNUOLO ART GALLERY
Maine Ave & 7th St SW,31609,38.878693599396954,-77.02305436134338,42,3026.9828881109443,853.0872104633567,MUSEUM OF THE BIBLE
D St & Maryland Ave NE,31612,38.89484064247075,-76.99591577053069,42,4165.294731300774,741.2450895785985,SEWALL-BELMONT HOUSE AND MUSEUM
34th St & Wisconsin Ave NW,31226,38.916442,-77.0682,42,2764.3293762871003,712.0995668231304,TUDOR PLACE
13th St & New York Ave NW,31227,38.900283,-77.029822,42,1171.1872889707943,62.91855671548663,NATIONAL MUSEUM OF WOMEN IN THE ARTS
8th & H St NW,31228,38.8997,-77.023086,42,1758.5738771389072,168.91932665850973,DONALD W. REYNOLDS CENTER FOR AMERICAN ART AND PORTRAITURE
10th & Monroe St NE,31504,38.932456900063606,-76.99353396892548,42,5558.91551996641,134.322540147403,AMERICAN POETRY MUSEUM
Eckington Pl & Q St NE,31505,38.910972,-77.00495,42,3509.4056351380577,1043.135424188206,GALLAUDET UNIVERSITY MUSEUM
6th & H St NE,31615,38.899972,-76.998347,42,3900.928876079354,709.242556431275,GALLAUDET UNIVERSITY MUSEUM
3rd & H St NE,31616,38.900412,-77.001949,42,3587.501164548029,597.238556136265,NATIONAL POSTAL MUSEUM
Bladensburg Rd & Benning Rd NE,31617,38.900413,-76.982872,42,5242.251113448665,1203.5169389027399,GALLAUDET UNIVERSITY MUSEUM
4th & East Capitol St NE,31618,38.889955,-77.000349,42,3919.260836726153,385.73184658871,SEWALL-BELMONT HOUSE AND MUSEUM
Lincoln Park / 13th & East Capitol St NE ,31619,38.890461,-76.988355,42,4905.518523957758,1349.858383584537,SEWALL-BELMONT HOUSE AND MUSEUM
Branch & Pennsylvania Ave SE,31701,38.8692,-76.9599,42,8046.644943397718,2027.6301550384317,ANACOSTIA COMMUNITY MUSEUM
13th & D St NE,31622,38.894832,-76.987633,42,4875.913673277474,1369.9346326048312,GALLAUDET UNIVERSITY MUSEUM
New Hampshire Ave & T St NW,31229,38.915544,-77.038252,42,1683.6176692414674,294.1000339191546,HOUSE OF THE TEMPLE
Metro Center / 12th & G St NW,31230,38.898364,-77.027869,42,1367.9030867879505,218.08476438169177,NATIONAL MUSEUM OF WOMEN IN THE ARTS
14th & D St NW / Ronald Reagan Building,31231,38.894514,-77.031617,42,1236.8474136143268,377.2050587269587,NATIONAL MUSUEM OF AFRICAN AMERICAN HISTORY AND CULTURE
7th & F St NW / National Portrait Gallery,31232,38.89728304853854,-77.02219069004059,42,1874.7231001199534,100.66340681566696,INTERNATIONAL SPY MUSEUM
17th & K St NW / Farragut Square,31233,38.902061,-77.038322,42,450.6477953350451,226.13777580728595,DECATUR HOUSE MUSEUM
20th & O St NW / Dupont South,31234,38.908905,-77.04478,42,897.8894527293778,99.12565109254649,HEURICH HOUSE MUSEUM
4th & D St NW / Judiciary Square,31621,38.895344,-77.016106,42,2438.3909931149738,295.57507305782417,NATIONAL BUILDING MUSEUM
19th St & Constitution Ave NW,31235,38.8923,-77.0436,42,955.07084223817,192.5749002342946,ART MUSEUM OF THE AMERICAS
37th & O St NW / Georgetown University,31236,38.90774,-77.071652,42,2573.892278375348,207.25483272110714,SPAGNUOLO ART GALLERY
25th St & Pennsylvania Ave NW,31237,38.903827,-77.053485,42,941.3598365810351,760.297675440748,LUTHER W. BRADY ART GALLERY
Columbus Circle / Union Station,31623,38.89696,-77.00493,42,3357.1935945607333,311.54069065096286,NATIONAL POSTAL MUSEUM
North Capitol St & F St NW,31624,38.897446,-77.009888,42,2923.7175946056736,79.90570141963792,NATIONAL GUARD MEMORIAL MUSEUM
11th & M St NW,31266,38.9055785,-77.027313,42,1480.8487951691816,421.3059798926942,MARY BETHUNE COUNCIL HOUSE
36th & Calvert St NW / Glover Park,31304,38.922581,-77.070334,42,3360.214575315392,1386.6953398399173,TUDOR PLACE
14th & G St NW,31238,38.898409,-77.032278,42,995.3299203400024,111.48476318945276,ARMENIAN GENOCIDE MUSEUM AND MEMORIAL
Potomac Ave & 35th St S,31052,38.844015,-77.050537,41,6346.130401317114,4983.449377888357,UNITED STATES HOLOCAUST MEMORIAL MUSEUM
Ohio Dr & West Basin Dr SW / MLK & FDR Memorials,31240,38.88412,-77.04657,42,1884.2843498735363,1059.5102703460568,ART MUSEUM OF THE AMERICAS
11th & F St NW,31262,38.897857,-77.026975,42,1455.9104706188982,138.37407358547267,PETERSEN HOUSE
23rd & E St NW ,31260,38.896104,-77.049882,42,780.7049215991832,423.9656537351146,THE TEXTILE MUSUEM
Lynn St & 19th St North,31014,38.897315,-77.070993,41,2435.090901941496,1001.5584203740007,SPAGNUOLO ART GALLERY
Wilson Blvd & Ft Myer Dr,31015,38.8946,-77.072305,41,2611.6007101424284,1313.8692418687085,SPAGNUOLO ART GALLERY
Clarendon Blvd & Pierce St,31016,38.893438,-77.076389,41,2987.663673865738,1529.1984590729753,SPAGNUOLO ART GALLERY
Wilson Blvd & N Uhle St,31017,38.891696,-77.0846,41,3725.7333946502295,2052.1551323526733,SPAGNUOLO ART GALLERY
Rhodes St & 16th St N,31018,38.892164,-77.079375,41,3276.4151744360797,1764.017819586269,SPAGNUOLO ART GALLERY
Fairfax Village,31706,38.86559,-76.952103,42,8830.716669138405,2364.3057888878943,ANACOSTIA COMMUNITY MUSEUM
21st St & Constitution Ave NW,31261,38.892459,-77.046567,42,978.988026358057,408.7272931485892,INTERIOR MUSEUM
Wilson Blvd & N Edgewood St,31019,38.889396070923496,-77.09186241030693,41,4402.298870205835,2661.838195100359,SPAGNUOLO ART GALLERY
Columbia Rd & Belmont St NW,31113,38.920669,-77.04368,42,2194.878883092019,479.3773549119917,MERIDIAN INTERNATIONAL CENTER
Rhode Island & Connecticut Ave NW,31239,38.905995699991145,-77.03980207443237,42,641.9297860023855,136.28847380149713,CHARLES SUMNER SCHOOL
Thomas Circle,31241,38.9059,-77.0325,42,1088.9271403734003,289.07717459699046,MARY BETHUNE COUNCIL HOUSE
Wilson Blvd & N Franklin Rd,31020,38.8904,-77.0889,41,4124.11643692507,2403.2397651806914,SPAGNUOLO ART GALLERY
Clarendon Blvd & N Fillmore St,31021,38.8881,-77.09308,41,4546.424571084909,2838.3484290976935,SPAGNUOLO ART GALLERY
Clarendon Metro / Wilson Blvd & N Highland St,31022,38.88701007722296,-77.09525674581528,41,4763.984948587195,3057.4898135602702,SPAGNUOLO ART GALLERY
18th St & Pennsylvania Ave NW,31242,38.89968,-77.041539,42,204.155796534851,221.18395431829168,RENWICK GALLERY
4th & C St SW,31243,38.88637194054526,-77.01770067214966,42,2744.727002942605,177.89506550708109,MUSEUM OF THE BIBLE
4th & E St SW,31244,38.88412,-77.017445,42,2915.7483539101327,83.30408575916708,MUSEUM OF THE BIBLE
3rd & G St SE,31625,38.881185,-77.001828,42,4211.440497159767,1067.2360409596542,NATIONAL MUSEUM OF UNITED STATES NAVY
7th & R St NW / Shaw Library,31245,38.912719,-77.022155,42,2255.1076166949783,497.72633893640995,AFRICAN AMERICAN CIVIL WAR MEMORIAL MUSEUM
9th & Upshur St NW,31404,38.9418,-77.0251,42,4806.9798524256275,777.30799121443,"THE HISTORY OF CANNABIS MUSEUM
"
1st & Rhode Island Ave NW,31506,38.915417,-77.012289,42,3135.674378562343,1002.7929312099928,HOWARD UNIVERSITY MUSEUM
Columbia Rd & Georgia Ave NW,31115,38.92812111132096,-77.0237946510315,42,3463.218748548654,467.47456050172036,HOWARD UNIVERSITY GALLERY OF ART
California St & Florida Ave NW,31116,38.917761,-77.04062,42,1886.1816413022163,345.2026043368339,MERIDIAN INTERNATIONAL CENTER
Benning Rd & East Capitol St NE / Benning Rd Metro,31707,38.889935,-76.93723,42,9282.13550777234,3774.6901897362786,THE NATIONAL BONSAI AND PENJING MUSEUM
3000 Connecticut Ave NW / National Zoo,31307,38.930282,-77.055599,42,3431.794548367473,107.86757388573773,NATIONAL ZOOLOGICAL PARK
Anacostia Ave & Benning Rd NE / River Terrace ,31708,38.896544,-76.96012,42,7232.030405046057,1953.9459174034519,THE NATIONAL BONSAI AND PENJING MUSEUM
M St & Pennsylvania Ave NW,31246,38.905126,-77.056887,42,1268.5382004396163,641.9831663796826,DUMBARTON HOUSE
15th St & Massachusetts Ave SE,31626,38.88732,-76.983569,42,5396.824538379864,1832.904377743644,SEWALL-BELMONT HOUSE AND MUSEUM
Congress Heights Metro,31806,38.844711,-76.987823,42,7879.5409654825835,1628.8813346371971,ANACOSTIA COMMUNITY MUSEUM
N Quincy St & Glebe Rd,31035,38.876393,-77.107735,41,6217.354398790467,4656.59373100116,SPAGNUOLO ART GALLERY
Barcroft Community Center,31033,38.85033657788445,-77.1009886264801,41,7521.238888044102,6766.807206358262,SPAGNUOLO ART GALLERY
N Veitch St & 20th St N,31029,38.896923,-77.086502,41,3773.6689602411025,1762.6392247812053,SPAGNUOLO ART GALLERY
10th & K St NW,31263,38.9024,-77.02622,42,1490.9533744727798,285.3528577262817,HISTORICAL SOCIETY OF WASHINGTON DC
Fairfax Dr & Wilson Blvd,31023,38.885801,-77.097745,41,5012.042165267665,3306.0225776801462,SPAGNUOLO ART GALLERY
Wilson Blvd & N Quinn St,31027,38.893993,-77.07857,41,3154.3329276115005,1551.7398993808404,SPAGNUOLO ART GALLERY
1st & K St SE,31628,38.878854378063295,-77.00572729110718,42,4076.278124991228,1111.4919858256308,NATIONAL MUSEUM OF UNITED STATES NAVY
39th & Calvert St NW / Stoddert,31306,38.922649,-77.077271,42,3809.331243391307,1001.3750882632315,KREEGER MUSEUM
1st & Washington Hospital Center NW,31507,38.928743,-77.012457,42,4087.756194881356,874.7910367296225,HOWARD UNIVERSITY GALLERY OF ART
Virginia Square Metro / Monroe St & 9th St N,31024,38.882788,-77.103148,41,5568.015601435471,3877.10559501677,SPAGNUOLO ART GALLERY
Central Library / Quincy St & 10th St N,31025,38.88397,-77.10783,41,5905.511389423863,4105.6987773536675,SPAGNUOLO ART GALLERY
Washington Blvd & 10th St N,31026,38.884734,-77.093485,41,4709.2638152865275,3138.1737697489525,SPAGNUOLO ART GALLERY
Jefferson Dr & 14th St SW,31247,38.8885525,-77.032427,42,1663.9434709753807,208.94344104503762,UNITED STATES HOLOCAUST MEMORIAL MUSEUM
Smithsonian-National Mall / Jefferson Dr & 12th St SW,31248,38.888774,-77.028694,42,1848.7163121823323,129.58930187494497,FREER GALLERY OF ART
George Mason Dr & Wilson Blvd,31036,38.87887,-77.1207,41,7146.736539472003,5342.293844137946,SPAGNUOLO ART GALLERY
6th St & Indiana Ave NW,31264,38.894573,-77.01994,42,2144.7735364194245,168.72000597425202,NEWSEUM
N Veitch St & Key Blvd,31028,38.893237,-77.086063,41,3806.054264595227,2005.1244854507963,SPAGNUOLO ART GALLERY
Langston Blvd & N Adams St,31030,38.89593,-77.089006,41,4003.2052577993486,2003.394819030949,SPAGNUOLO ART GALLERY
15th St & N Scott St,31031,38.89054,-77.08095,41,3462.834576929465,1987.1433797208053,SPAGNUOLO ART GALLERY
Washington Blvd & 7th St N,31032,38.88081,-77.090792,41,4685.246972809715,3351.4458018392024,SPAGNUOLO ART GALLERY
Ballston Metro / Stuart St & 9th St N,31037,38.881044,-77.111768,41,6336.021544673713,4574.537143726923,SPAGNUOLO ART GALLERY
Fairfax Dr & N Randolph St,31034,38.882629,-77.109366,41,6080.072430978909,4302.014917395107,SPAGNUOLO ART GALLERY
Jefferson Memorial,31249,38.879819,-77.037413,42,2395.3601827820403,865.1920005576123,UNITED STATES HOLOCAUST MEMORIAL MUSEUM
Good Hope Rd & 14th St SE,31803,38.866611,-76.985238,42,6314.297486445902,358.49955108831176,FREDERICK DOUGLASS NATIONAL HISTORIC SITE
Glebe Rd & 11th St N,31038,38.883921,-77.116817,41,6650.833798210985,4753.281031050674,SPAGNUOLO ART GALLERY
Wilson Blvd & N Quincy St,31039,38.880012,-77.107854,41,6061.75043103814,4386.746061567663,SPAGNUOLO ART GALLERY
GMU / Fairfax Dr & Kenmore St,31040,38.884616,-77.10108,41,5328.81808677295,3607.904921470503,SPAGNUOLO ART GALLERY
Gallaudet / 8th St & Florida Ave NE,31508,38.90509,-76.9941,42,4293.105612936203,104.78392263612145,GALLAUDET UNIVERSITY MUSEUM
20th & L St NW,31250,38.903584,-77.044789,42,324.75195315299663,441.30161934175885,LUTHER W. BRADY ART GALLERY
12th & L St NW,31251,38.903819,-77.0284,42,1332.5081992024639,423.6985866883927,NATIONAL MUSEUM OF WOMEN IN THE ARTS
21st St & Pennsylvania Ave NW,31252,38.901539,-77.046564,42,291.89236902966405,192.5750105960598,LUTHER W. BRADY ART GALLERY
19th & K St NW,31253,38.902204,-77.04337,42,144.88903718783445,372.9742217129428,LUTHER W. BRADY ART GALLERY
Prince St & Union St,31041,38.803124,-77.040363,40,10857.367503458496,7890.333082554042,AMERICA'S ISLAMIC HERITAGE MUSEUM
Market Square / King St & Royal St,31042,38.804718,-77.043363,40,10677.4224190792,7885.891785597833,AMERICA'S ISLAMIC HERITAGE MUSEUM
St Asaph & Pendleton St,31043,38.81074147938705,-77.0446327328682,40,10009.41216909171,7412.289869589183,AMERICA'S ISLAMIC HERITAGE MUSEUM
King St & Patrick St,31044,38.805317,-77.049883,40,10626.300903666475,8167.5601554519835,AMERICA'S ISLAMIC HERITAGE MUSEUM
15th & K St NW,31254,38.902,-77.03353,42,856.2651033328835,436.4889847126218,NATIONAL MUSEUM OF WOMEN IN THE ARTS
Commerce St & Fayette St,31045,38.805648,-77.05293,40,10607.170539480554,8304.963615542762,AMERICA'S ISLAMIC HERITAGE MUSEUM
Henry St & Pendleton St,31046,38.811456,-77.050276,40,9947.869690821015,7664.969794934073,AMERICA'S ISLAMIC HERITAGE MUSEUM
Braddock Rd Metro,31047,38.814577,-77.052808,40,9618.426801097055,7560.726058673196,AMERICA'S ISLAMIC HERITAGE MUSEUM
King St Metro South,31048,38.80576284873485,-77.060626745224,40,10667.988173180802,8737.322175710091,AMERICA'S ISLAMIC HERITAGE MUSEUM
24th & N St NW,31255,38.9066,-77.05152,42,953.3223120776609,524.1273210158006,O STREET MUSEUM FOUNDATION
10th & E St NW,31256,38.895914,-77.026064,42,1594.3890831542385,77.8015779447679,FORD'S THEATRE
22nd & I St NW / Foggy Bottom,31257,38.90088,-77.048911,42,486.7431806975991,249.14745696134176,LUTHER W. BRADY ART GALLERY
Utah St & 11th St N,31049,38.883669,-77.113905,41,6417.248054159226,4555.249561428857,SPAGNUOLO ART GALLERY
Barton St & 10th St N,31050,38.884961,-77.08777,41,4244.487423086483,2821.9558204754,SPAGNUOLO ART GALLERY
Arlington Blvd & N Queen St,31051,38.889365,-77.077294,41,3215.1348142526417,1981.6300380938096,SPAGNUOLO ART GALLERY
Lincoln Memorial,31258,38.888255,-77.0494365,42,1501.3246933198038,855.1321053476246,ART MUSEUM OF THE AMERICAS
20th St & Virginia Ave NW,31259,38.894722,-77.045128,42,703.9364350588156,221.4323931838576,INTERIOR MUSEUM
5th St & Massachusetts Ave NW,31265,38.90093,-77.018677,42,2135.9762932204317,217.61040738999387,GERMAN-AMERICAN HERITAGE MUSEUM
39th & Veazey St NW,31308,38.943837,-77.077078,42,5594.740769035337,997.693119553908,AMERICAN UNIVERSITY MUSEUM AT THE KATZEN ARTS CENTER
Fessenden St & Wisconsin Ave NW,31309,38.954812,-77.082426,42,6879.761192087954,1786.8113090490199,AMERICAN UNIVERSITY MUSEUM AT THE KATZEN ARTS CENTER
3rd & M St NE,31627,38.905469714943266,-77.0021304488182,42,3607.076849357333,625.5259183523182,GALLAUDET UNIVERSITY MUSEUM
Columbia Pike & S Courthouse Rd,31053,38.863833,-77.080319,41,5220.189831972449,4658.200257152692,ART MUSEUM OF THE AMERICAS
Wakefield High School,31054,38.847129045742605,-77.1125502884388,41,8470.342486933841,7531.5629302119605,SPAGNUOLO ART GALLERY
28th St & S Meade St,31055,38.846222,-77.069275,41,6474.999888307805,5500.675062647759,UNITED STATES HOLOCAUST MEMORIAL MUSEUM
18th St & Wyoming Ave NW,31114,38.918809,-77.041571,42,1993.7934769692718,332.97514712054044,MERIDIAN INTERNATIONAL CENTER
5th & Kennedy St NW,31403,38.956555547721955,-77.0198142528534,42,6505.531176276566,1790.57419818919,LINCOLN'S COTTAGE
Georgia Ave & Emerson St NW,31405,38.949662,-77.027333,42,5587.54227448173,1613.0448925916726,LINCOLN'S COTTAGE
14th & Upshur St NW,31406,38.942475355602845,-77.03267812728882,42,4706.469524519401,1115.9626522942524,"THE HISTORY OF CANNABIS MUSEUM
"
14th St & Colorado Ave NW,31407,38.956432,-77.032947,42,6229.859290172088,1669.664878138455,ROCK CREEK PARK NATURE CENTER AND PLANETARIUM
Troy St & 26th St S,31056,38.847977,-77.075104,41,6491.112466378934,5658.0716289751435,UNITED STATES HOLOCAUST MEMORIAL MUSEUM
Four Mile Run Dr & S Shirlington Rd,31057,38.8444,-77.085931,41,7282.023006806312,6586.8208054855,UNITED STATES HOLOCAUST MEMORIAL MUSEUM
Columbia Pike & S Oakland St,31058,38.860789,-77.09586,41,6374.006417056866,5525.2419125552115,SPAGNUOLO ART GALLERY
Four Mile Run Dr & S Walter Reed Dr,31059,38.84736,-77.095431,41,7469.446318217006,6882.353903617348,ART MUSEUM OF THE AMERICAS
S Arlington Mill Dr & Campbell Ave,31060,38.84232,-77.089555,41,7642.261104362786,6972.355283020301,UNITED STATES HOLOCAUST MEMORIAL MUSEUM
Kenmore St & 24th St S,31061,38.848454,-77.084918,41,6851.375977148565,6200.301140591075,ART MUSEUM OF THE AMERICAS
13th St & Eastern Ave,32006,38.987,-77.029417,44,9633.820130035117,3572.594815327671,ROCK CREEK PARK NATURE CENTER AND PLANETARIUM
Wisconsin Ave & O St NW,31312,38.90849,-77.063586,42,1950.9898212669048,336.76770241024127,TUDOR PLACE
Roosevelt Island,31062,38.896553,-77.06714,41,2123.670371859924,1113.5589444802679,SPAGNUOLO ART GALLERY
Connecticut & Nebraska Ave NW,31310,38.955016,-77.069956,42,6436.967131840668,1674.5231040655271,ROCK CREEK PARK NATURE CENTER AND PLANETARIUM
17th St & Massachusetts Ave NW,31267,38.908142,-77.038359,42,911.0694007824843,241.59246756337657,CHARLES SUMNER SCHOOL
15th & Euclid St NW,31117,38.92333,-77.0352,42,2587.249762765939,256.303175822356,MEXICAN CULTURAL INSTITUTE
8th & East Capitol St NE,31629,38.889988,-76.995193,42,4345.713946270919,782.0194687647901,SEWALL-BELMONT HOUSE AND MUSEUM
New Jersey Ave & R St NW,31509,38.912659,-77.017669,42,2578.1496242541034,788.1698243813728,AFRICAN AMERICAN CIVIL WAR MEMORIAL MUSEUM
15th & East Capitol St NE,31630,38.889908,-76.983326,42,5344.15149731669,1790.4715868357966,SEWALL-BELMONT HOUSE AND MUSEUM
8th & F St NE,31631,38.897274,-76.994749,42,4230.958320221207,943.9689443714435,GALLAUDET UNIVERSITY MUSEUM
18th St & Rhode Island Ave NE,31510,38.927095,-76.978924,42,6295.310024550803,1533.1317459479947,AMERICAN POETRY MUSEUM
15th & F St NE,31632,38.897195,-76.983575,42,5197.4060365353,1370.274173747966,GALLAUDET UNIVERSITY MUSEUM
12th & Irving St NE,31511,38.928644,-76.990955,42,5486.058769585654,582.834036304148,AMERICAN POETRY MUSEUM
Alabama & MLK Ave SE,31800,38.84322988730829,-76.99937582015991,42,7451.001260154779,2314.665093997775,AMERICA'S ISLAMIC HERITAGE MUSEUM
Pleasant St & MLK Ave SE,31807,38.863897,-76.990037,42,6183.3232951722985,176.02203300124603,AMERICA'S ISLAMIC HERITAGE MUSEUM
Neal St & Trinidad Ave NE,31512,38.903732,-76.987211,42,4875.608956323499,706.946940004594,GALLAUDET UNIVERSITY MUSEUM
12th & U St NW,31268,38.916787,-77.028139,42,2199.9647987794524,243.81713034875958,AFRICAN AMERICAN CIVIL WAR MEMORIAL MUSEUM
S George Mason & Four Mile Run Dr,31063,38.852248,-77.105022,41,7606.443657323308,6722.738007886151,SPAGNUOLO ART GALLERY
Gravelly Point,31064,38.865029,-77.039511,41,3995.7047493860955,2475.5727065773744,UNITED STATES HOLOCAUST MEMORIAL MUSEUM
Pershing Dr & Wayne St,31065,38.880705,-77.08596,41,4327.20922455941,3157.5382614778005,SPAGNUOLO ART GALLERY
Columbia Pike & S Orme St,31066,38.867262,-77.072315,41,4503.647847672852,3898.1590781165983,ART MUSEUM OF THE AMERICAS
3rd St & Pennsylvania Ave SE,31269,38.887378,-77.001955,42,3888.3442124854614,556.2882892194798,SEWALL-BELMONT HOUSE AND MUSEUM
8th & D St NW,31270,38.894851,-77.02324,42,1865.2905985524333,87.54135248874107,NAVAL HERITAGE CENTER
3rd & Elm St NW,31118,38.917622,-77.01597,42,3010.8942474477044,616.6693606561711,HOWARD UNIVERSITY MUSEUM
Rhode Island Ave & V St NE,31513,38.918155,-77.004746,42,3853.81998674515,1377.7973643207079,HOWARD UNIVERSITY MUSEUM
Constitution Ave & 2nd St NW/DOL,31271,38.892275,-77.013917,42,2722.9429240096183,262.5157470122129,NATIONAL GALLERY OF ART - EAST BUILDING
Washington & Independence Ave SW/HHS,31272,38.886978,-77.013769,42,2992.0557599721114,159.84418118173068,UNITED STATES BOTANIC GARDEN
Independence Ave & L'Enfant Plaza SW/DOE,31633,38.887312,-77.025762,42,2142.5299360140266,74.70272805761168,NATIONAL MUSEUM OF AFRICAN ART
Hamlin & 7th St NE,31514,38.927497,-76.997194,42,4970.77306075459,622.0415079003675,AMERICAN POETRY MUSEUM
Columbia Pike & S Walter Reed Dr,31067,38.862478,-77.086599,41,5684.085079590557,5071.87635138979,SPAGNUOLO ART GALLERY
Arlington Mill Cmty Center / Columbia Pike & S Dinwiddie St,31068,38.856319,-77.11153,41,7716.666102733144,6611.6579786639295,SPAGNUOLO ART GALLERY
Pershing Dr & N George Mason Dr,31069,38.871822,-77.107906,41,6468.554801601522,5040.815158984722,SPAGNUOLO ART GALLERY
Fenton St & New York Ave ,32001,38.985404,-77.023082,44,9543.507021819856,3761.6163762374767,ROCK CREEK PARK NATURE CENTER AND PLANETARIUM
Bethesda Ave & Arlington Rd,32002,38.981103,-77.097426,44,10064.610270220252,4609.181877925847,ROCK CREEK PARK NATURE CENTER AND PLANETARIUM
Montgomery Ave & Waverly St ,32003,38.983838,-77.09221,44,10136.813127050153,4402.854917459418,ROCK CREEK PARK NATURE CENTER AND PLANETARIUM
Fallsgrove Blvd & Fallsgrove Dr,32004,39.096312,-77.192672,43,25259.792574482104,19450.50409291713,ROCK CREEK PARK NATURE CENTER AND PLANETARIUM
Traville Gateway Dr & Gudelsky Dr,32005,39.093783,-77.202501,43,25470.016162509713,19784.087075087205,ROCK CREEK PARK NATURE CENTER AND PLANETARIUM
Norfolk Ave & Fairmont St,32000,38.988562,-77.096539,44,10770.776118369018,5021.972251553874,ROCK CREEK PARK NATURE CENTER AND PLANETARIUM
E Montgomery Ave & Maryland Ave,32007,39.084125,-77.151291,43,22389.269628332266,16264.712220008882,ROCK CREEK PARK NATURE CENTER AND PLANETARIUM
Cordell & Norfolk Ave,32008,38.98954,-77.098029,44,10924.44002735409,5190.637245790641,ROCK CREEK PARK NATURE CENTER AND PLANETARIUM
Frederick Ave & Horners Ln,32009,39.094772,-77.145213,43,23263.1616954557,17021.22243565039,ROCK CREEK PARK NATURE CENTER AND PLANETARIUM
Philadelphia & Maple Ave,32010,38.98128,-77.011336,44,9343.744012377807,4225.137744670197,ROCK CREEK PARK NATURE CENTER AND PLANETARIUM
Maple & Ritchie Ave,32011,38.983627,-77.006311,44,9727.666917454713,4678.450797434943,LINCOLN'S COTTAGE
Silver Spring Metro / Colesville Rd & Wayne Ave,32012,38.995256441231696,-77.02912420034409,44,10546.771496143248,4383.296422504209,ROCK CREEK PARK NATURE CENTER AND PLANETARIUM
Montgomery & East Ln,32013,38.983525,-77.095367,44,10223.135063331827,4604.162941805851,ROCK CREEK PARK NATURE CENTER AND PLANETARIUM
Friendship Hts Metro / Wisconsin Ave & Wisconsin Cir,32014,38.961763,-77.085998,44,7704.5285764101345,2517.8965310978288,AMERICAN UNIVERSITY MUSEUM AT THE KATZEN ARTS CENTER
14th & Belmont St NW,31119,38.921074,-77.031887,42,2448.6085634404153,554.1411737182721,MERIDIAN INTERNATIONAL CENTER
3rd & Tingey St SE,31634,38.87501,-77.0024,42,4566.532935262491,653.637470407501,NATIONAL MUSEUM OF UNITED STATES NAVY
10th & Florida Ave NW,31120,38.920387,-77.025672,42,2649.0986166982584,439.41954901557835,AFRICAN AMERICAN CIVIL WAR MEMORIAL MUSEUM
Potomac Ave & 8th St SE,31635,38.876737,-76.994468,42,5014.521633282055,417.27708268518404,NATIONAL MUSEUM OF UNITED STATES NAVY
Fallsgrove Dr & W Montgomery Ave,32016,39.099376,-77.188014,43,25350.43745496378,19469.1409731799,ROCK CREEK PARK NATURE CENTER AND PLANETARIUM
Monroe St & Monroe Pl,32017,39.083673,-77.149162,43,22267.100576228273,16124.927780154962,ROCK CREEK PARK NATURE CENTER AND PLANETARIUM
Needwood Rd & Eagles Head Ct,32018,39.123513,-77.15741,43,26616.483238332363,20337.887086620787,ROCK CREEK PARK NATURE CENTER AND PLANETARIUM
East West Hwy & Blair Mill Rd,32019,38.990249,-77.02935,44,9992.482405683273,3883.8986894704417,ROCK CREEK PARK NATURE CENTER AND PLANETARIUM
47th & Elm St,32021,38.982456,-77.091991,44,9989.643714922366,4296.641214054943,ROCK CREEK PARK NATURE CENTER AND PLANETARIUM
Dennis Ave & Amherst Ave,32022,39.02538719623632,-77.04456299543381,44,13820.351976555516,7294.290376327744,ROCK CREEK PARK NATURE CENTER AND PLANETARIUM
Montgomery College / W Campus Dr & Mannakee St,32023,39.095661,-77.159048,43,23833.386938606523,17706.665747930052,ROCK CREEK PARK NATURE CENTER AND PLANETARIUM
Fenton St & Gist Ave,32024,38.989724,-77.023854,44,10003.816838690684,4094.640610920326,ROCK CREEK PARK NATURE CENTER AND PLANETARIUM
Carroll & Westmoreland Ave,32025,38.975,-77.01121,44,8683.933959329466,3697.0681482138602,LINCOLN'S COTTAGE
Carroll & Ethan Allen Ave,32026,38.977933,-77.006472,44,9128.413310526608,4048.470089096189,LINCOLN'S COTTAGE
Battery Ln & Trolley Trail,32027,38.992375,-77.100104,44,11286.048855735542,5530.610909646501,ROCK CREEK PARK NATURE CENTER AND PLANETARIUM
Norfolk & Rugby Ave,32028,38.990639,-77.100239,44,11118.175321064773,5416.149134415597,ROCK CREEK PARK NATURE CENTER AND PLANETARIUM
Offutt Ln & Chevy Chase Dr,32029,38.977093,-77.094589,44,9556.17219649773,4178.610719043286,ROCK CREEK PARK NATURE CENTER AND PLANETARIUM
Fleet St & Ritchie Pkwy,32032,39.076331,-77.141378,43,21248.60611889802,15078.495049695224,ROCK CREEK PARK NATURE CENTER AND PLANETARIUM
Piccard & W Gude Dr,32033,39.102212,-77.177091,43,25175.081829892217,19169.117104212593,ROCK CREEK PARK NATURE CENTER AND PLANETARIUM
Silver Spring Transit Center - Top Level,32034,38.99403485060837,-77.03037142753601,44,10399.886001260373,4213.876058373875,ROCK CREEK PARK NATURE CENTER AND PLANETARIUM
Georgia Ave & Spring St,32035,38.999388,-77.031555,44,10980.901490489514,4716.2582819427325,ROCK CREEK PARK NATURE CENTER AND PLANETARIUM
Fenton St & Ellsworth Dr ,32036,38.997033,-77.025608,44,10781.797932427333,4699.33489872026,ROCK CREEK PARK NATURE CENTER AND PLANETARIUM
King Farm Blvd & Pleasant Dr,32037,39.114688,-77.171487,43,26202.54647790041,20070.15596460607,ROCK CREEK PARK NATURE CENTER AND PLANETARIUM
King Farm Blvd & Piccard Dr,32038,39.110314,-77.182669,43,26195.69280959027,20183.89291165073,ROCK CREEK PARK NATURE CENTER AND PLANETARIUM
Calvert St & Woodley Pl NW,31121,38.923583,-77.050046,42,2585.208869439597,867.8638875518748,NATIONAL ZOOLOGICAL PARK
New Jersey Ave & N St NW/Dunbar HS,31636,38.90733256111448,-77.01536044478416,42,2526.5818495917283,840.2538122460588,HISTORICAL SOCIETY OF WASHINGTON DC
Nannie Helen Burroughs Ave & 49th St NE,31710,38.898536,-76.931862,42,9670.645963898163,3640.17920320336,THE NATIONAL BONSAI AND PENJING MUSEUM
Deanwood Rec Center,31711,38.908473,-76.933099,42,9596.008308961233,3220.807220527867,THE NATIONAL BONSAI AND PENJING MUSEUM
Hains Point/Buckeye & Ohio Dr SW,31273,38.878433,-77.03023,42,2739.816587781388,940.1454046483738,UNITED STATES HOLOCAUST MEMORIAL MUSEUM
Arlington Blvd & Fillmore St,31070,38.873755,-77.089233,41,4996.363215498761,3976.5885894784446,SPAGNUOLO ART GALLERY
Eads St & 12th St S,31071,38.862753,-77.05428,41,4340.670858111001,3250.7929726038433,UNITED STATES HOLOCAUST MEMORIAL MUSEUM
Old Georgetown Rd & Southwick St,32039,38.999634,-77.109647,44,12378.221468531,6683.198920066455,ROCK CREEK PARK NATURE CENTER AND PLANETARIUM
Friendship Blvd & Willard Ave,32040,38.96115,-77.088659,44,7759.296393267772,2453.7690561530894,AMERICAN UNIVERSITY MUSEUM AT THE KATZEN ARTS CENTER
North Capitol St & G Pl NE,31637,38.899703,-77.008911,42,2986.129607118927,184.58774039134636,NATIONAL POSTAL MUSEUM
31st St & S Woodrow St,31072,38.8378458,-77.0934784,41,8243.881550397004,7565.158500221646,UNITED STATES HOLOCAUST MEMORIAL MUSEUM
Washington Blvd & Walter Reed Dr ,31073,38.873219,-77.082104,41,4558.327036296027,3818.061623006226,SPAGNUOLO ART GALLERY
TJ Cmty Ctr / 2nd St & S Old Glebe Rd,31074,38.869418,-77.095596,41,5727.44540876431,4654.210278043957,SPAGNUOLO ART GALLERY
Connecticut Ave & Tilden St NW,31313,38.94113915653008,-77.061977237463,42,4751.695962177409,857.4430429495208,HILLWOOD MUSEUM
Medical Center Dr & Key West Ave,32041,39.103091,-77.196442,43,26073.322550321176,20242.089553807404,ROCK CREEK PARK NATURE CENTER AND PLANETARIUM
Shady Grove Hospital,32042,39.097636,-77.196636,43,25562.817142428503,19781.075734151793,ROCK CREEK PARK NATURE CENTER AND PLANETARIUM
Veterans Pl & Pershing Dr ,32043,38.997445,-77.023894,44,10849.116962532064,4812.069731010153,ROCK CREEK PARK NATURE CENTER AND PLANETARIUM
Rockville Metro East,32044,39.085394,-77.145803,43,22323.94604729242,16139.13448139749,ROCK CREEK PARK NATURE CENTER AND PLANETARIUM
1st & H St NW,31638,38.900358,-77.012108,42,2706.495116367941,332.7267874809445,NATIONAL GUARD MEMORIAL MUSEUM
Fort Totten Metro,31515,38.952369,-77.002721,42,6710.406691232169,1420.5335645647265,LINCOLN'S COTTAGE
Takoma Metro,31408,38.975219,-77.016855,42,8563.139408484858,3463.7636832782073,ROCK CREEK PARK NATURE CENTER AND PLANETARIUM
Rhode Island Ave Metro,31516,38.920682,-76.995876,42,4662.850978822175,1351.075662583842,AMERICAN POETRY MUSEUM
Rolfe St & 9th St S,31075,38.866471,-77.076131,41,4766.891049130418,4193.240021423085,ART MUSEUM OF THE AMERICAS
S Randolph St & Campbell Ave,31076,38.84065400672152,-77.08865851163864,41,7760.5178881810025,7050.395342071477,UNITED STATES HOLOCAUST MEMORIAL MUSEUM
Shady Grove Metro West,32045,39.119765,-77.166093,43,26523.21252687204,20322.905979854346,ROCK CREEK PARK NATURE CENTER AND PLANETARIUM
River Rd & Landy Ln,32046,38.964992,-77.103381,44,8818.38689260994,3212.541571917721,AMERICAN UNIVERSITY MUSEUM AT THE KATZEN ARTS CENTER
Bethesda Metro / Wisconsin Ave & Old Georgetown Rd,32048,38.984691,-77.094537,44,10308.206229419513,4621.032546080534,ROCK CREEK PARK NATURE CENTER AND PLANETARIUM
Iwo Jima Memorial / Meade & 14th St N,31077,38.88992,-77.071301,41,2717.8601610374913,1822.5086959309422,SPAGNUOLO ART GALLERY
34th & Water St NW,31314,38.9037315,-77.0675285,42,2125.086888661027,363.74915850795674,SPAGNUOLO ART GALLERY
Duke St & John Carlyle St,31081,38.804378,-77.060866,40,10823.117315130165,8864.27779213785,AMERICA'S ISLAMIC HERITAGE MUSEUM
Langston Blvd & N Cleveland St,31079,38.894941,-77.09169,41,4249.672743045062,2257.444505969518,SPAGNUOLO ART GALLERY
Arlington Blvd & S George Mason Dr,31078,38.869442,-77.104503,41,6355.762416988048,5064.990257166418,SPAGNUOLO ART GALLERY
10th & G St NW,31274,38.89824328774852,-77.02623546123505,42,1509.421249126791,163.79996929060468,PETERSEN HOUSE
Langston Blvd & N Scott St,31080,38.897612,-77.080851,41,3277.9023938168125,1341.6128850806847,SPAGNUOLO ART GALLERY
New Hampshire Ave & 24th St NW,31275,38.901755,-77.051084,42,681.8739714371472,461.17825479818,LUTHER W. BRADY ART GALLERY
Eisenhower Ave & Mill Race Ln,31082,38.801111,-77.068952,40,11299.43143774104,9610.015743104346,AMERICA'S ISLAMIC HERITAGE MUSEUM
Potomac Greens Dr & Slaters Ln,31083,38.82175,-77.047494,40,8794.203167197607,6672.681918566287,AMERICA'S ISLAMIC HERITAGE MUSEUM
Ballenger Ave & Dulaney St,31084,38.802677,-77.063562,40,11044.943877774062,9161.815691411355,AMERICA'S ISLAMIC HERITAGE MUSEUM
Mount Vernon Ave & E Nelson Ave,31085,38.820064,-77.057619,40,9059.487122615159,7452.876565090205,AMERICA'S ISLAMIC HERITAGE MUSEUM
Mount Vernon Ave & E Del Ray Ave,31086,38.82595,-77.058541,40,8424.911032546479,7105.66007638632,UNITED STATES HOLOCAUST MEMORIAL MUSEUM
Monroe Ave & Leslie Ave,31087,38.820932,-77.053096,40,8918.097834383201,7092.432433692819,AMERICA'S ISLAMIC HERITAGE MUSEUM
Mount Vernon Ave & Kennedy St,31088,38.833077,-77.059821,40,7664.5409128883375,6399.892041843608,UNITED STATES HOLOCAUST MEMORIAL MUSEUM
Court House Metro / 15th St & N Uhle St,31089,38.890612,-77.084801,41,3777.160266557023,2158.8090637320515,SPAGNUOLO ART GALLERY
WAU / Flower Ave & Division St,32049,38.986743,-77.000035,44,10241.394921577124,5102.761298368163,LINCOLN'S COTTAGE
Long Bridge Park / Long Bridge Dr & 6th St S,31090,38.865553,-77.05003,41,3967.1983659434827,2786.8636265916193,UNITED STATES HOLOCAUST MEMORIAL MUSEUM
Connecticut Ave & McKinley St NW,31315,38.96454350924588,-77.07513481378555,42,7585.409346787995,2096.2833647187076,ROCK CREEK PARK NATURE CENTER AND PLANETARIUM
15th & L St NW,31276,38.903649,-77.034918,42,788.5476972059155,323.36727027728773,THE WILDERNESS SOCIETY - ANSEL ADAMS COLLECTION
17th & G St NW,31277,38.898282949523605,-77.03973233699799,42,424.48878582409395,109.4736031445221,RENWICK GALLERY
Spring St & 2nd Ave,32050,38.997653,-77.034499,44,10768.049409746087,4446.051623235313,ROCK CREEK PARK NATURE CENTER AND PLANETARIUM
18th & R St NW,31278,38.912648,-77.041834,42,1310.3735205087876,30.391986325079074,NATIONAL MUSEUM OF AMERICAN JEWISH MILITARY HISTORY
Joyce St & 16th St S,31091,38.859254,-77.063275,41,4937.484047840056,4039.4600128522693,UNITED STATES HOLOCAUST MEMORIAL MUSEUM
Union Market,31517,38.907908,-76.99707,42,4084.8911818111596,300.8031208216412,GALLAUDET UNIVERSITY MUSEUM
Langston Blvd & N Monroe St,31092,38.896456,-77.104562,41,5337.316683254791,3139.354666874866,KREEGER MUSEUM
21st St & N Pierce St,31093,38.898984,-77.078317,41,3045.10219564861,1080.6594963209066,SPAGNUOLO ART GALLERY
Langston Blvd & N Kirkwood St,31094,38.895377,-77.09713,41,4709.8567844631725,2639.1886811937115,SPAGNUOLO ART GALLERY
19th & G St NW,31279,38.898412,-77.043182,42,276.3913747459116,275.7924856860676,OCTAGON HOUSE
2nd St & Seaton Pl NE,31522,38.914751108831155,-77.00356006622314,42,3774.406577574028,1246.2236347463531,GALLAUDET UNIVERSITY MUSEUM
Wilson Blvd & N Illinois St ,31902,38.876528,-77.12712,41,7759.378389428261,5949.079307720169,SPAGNUOLO ART GALLERY
Army Navy Dr & S Nash St,31095,38.86215024521491,-77.06812083721161,41,4810.762765185602,4107.523486953197,UNITED STATES HOLOCAUST MEMORIAL MUSEUM
Thomas Jefferson St NW & Water/K St NW,31293,38.902826,-77.060173,42,1479.1986750509639,945.1660959313625,SPAGNUOLO ART GALLERY
11th & S St NW,31280,38.913761,-77.027025,42,2007.8118263261504,330.074900200242,AFRICAN AMERICAN CIVIL WAR MEMORIAL MUSEUM
Walter Reed Dr & 8th St S,31096,38.86612,-77.08787,41,5464.736966320422,4720.185672144972,SPAGNUOLO ART GALLERY
2nd & G St NE,31639,38.89967,-77.003666,42,3440.875097455708,427.59767436862234,NATIONAL POSTAL MUSEUM
8th & O St NW,31281,38.90864,-77.02277,42,1977.2780871335494,668.2361494490835,HISTORICAL SOCIETY OF WASHINGTON DC
Georgia & Missouri Ave NW,31411,38.961339,-77.027855,42,6841.936882464849,2071.5199201845608,ROCK CREEK PARK NATURE CENTER AND PLANETARIUM
Oklahoma Ave & D St NE,31712,38.894474,-76.974828,42,5982.699127305012,2035.9369041218706,THE NATIONAL BONSAI AND PENJING MUSEUM
Maryland Ave & E St NE,31640,38.8962260397813,-76.99278563261032,42,4412.7312160606625,1052.074693719398,SEWALL-BELMONT HOUSE AND MUSEUM
New York Ave & Hecht Ave NE,31518,38.915604,-76.983683,42,5422.59247198886,1247.9108725048643,THE NATIONAL BONSAI AND PENJING MUSEUM
Yuma St & Tenley Circle NW,31316,38.946182,-77.08059,42,5977.238230280926,956.1128130435899,AMERICAN UNIVERSITY MUSEUM AT THE KATZEN ARTS CENTER
Connecticut Ave & Chevy Chase Lake Dr,32051,38.994113,-77.076986,44,10752.154151768023,4383.817527589818,ROCK CREEK PARK NATURE CENTER AND PLANETARIUM
Key West Ave & Siesta Key Way,32052,39.105295,-77.194774,43,26211.533701222717,20346.39540598811,ROCK CREEK PARK NATURE CENTER AND PLANETARIUM
Langston Blvd & N Woodstock St,31900,38.898301,-77.118009,41,6487.3272168575395,3646.0792395741196,KREEGER MUSEUM
Saint Asaph St & Madison St,31097,38.812718,-77.044097,40,9789.570789700932,7211.669156086964,AMERICA'S ISLAMIC HERITAGE MUSEUM
King St Metro North / Cameron St,31098,38.80704,-77.059817,40,10517.830736461883,8585.837252872203,AMERICA'S ISLAMIC HERITAGE MUSEUM
Madison St & N Henry St,31099,38.813485,-77.049468,40,9718.937669293096,7450.21125499242,AMERICA'S ISLAMIC HERITAGE MUSEUM
Medical Center Metro ,32053,38.999378,-77.097882,44,11912.47024880045,5934.178117945311,ROCK CREEK PARK NATURE CENTER AND PLANETARIUM
Washington Blvd & N Frederick St,31901,38.884829,-77.127671,41,7534.053592575315,5321.865318174108,KREEGER MUSEUM
Wisconsin Ave & Ingomar St NW,31317,38.958267,-77.084636,42,7307.931456794415,2137.3457687877353,AMERICAN UNIVERSITY MUSEUM AT THE KATZEN ARTS CENTER
16th & Irving St NW,31122,38.928893,-77.03625,42,3167.1932544430215,372.1630108118396,MEXICAN CULTURAL INSTITUTE
16th & R St NW,31282,38.912652,-77.036278,42,1439.8109483612639,121.97103590515133,HOUSE OF THE TEMPLE
Lyttonsville Rd & Lyttonsville Pl,32054,38.999679,-77.051168,44,10987.095086814354,4414.356769760597,ROCK CREEK PARK NATURE CENTER AND PLANETARIUM
Woodmont Ave & Strathmore St,32055,38.979875,-77.093522,44,9789.055458236722,4249.037642962757,ROCK CREEK PARK NATURE CENTER AND PLANETARIUM
14th & L St NW,31283,38.903658,-77.031737,42,1048.726664740407,458.73227645861846,NATIONAL MUSEUM OF WOMEN IN THE ARTS
1st & O St NW,31519,38.908643,-77.012365,42,2817.691155217823,1135.1732892788168,HISTORICAL SOCIETY OF WASHINGTON DC
South Capitol & Atlantic St SW,31811,38.831516,-77.008133,42,8285.183263108005,3793.8215303392253,AMERICA'S ISLAMIC HERITAGE MUSEUM
18th & C St NW,31284,38.893511,-77.041544,42,834.3043089404329,80.02226471835777,ART MUSEUM OF THE AMERICAS
22nd & P ST NW,31285,38.909394,-77.048728,42,1053.9643261067124,171.62881975022472,ANDERSON HOUSE
East West Hwy & 16th St,32056,38.995681,-77.038721,44,10529.549746603449,4126.170145249359,ROCK CREEK PARK NATURE CENTER AND PLANETARIUM
Royal St & Wilkes St,31903,38.799267,-77.0447,40,11283.200363788003,8453.93319015204,AMERICA'S ISLAMIC HERITAGE MUSEUM
14th & Girard St NW,31123,38.925284,-77.032375,42,2868.0114019984335,318.64818076032515,MEXICAN CULTURAL INSTITUTE
Potomac Ave & Main Line Blvd,31910,38.822738,-77.049265,40,8692.418032399126,6710.762002885402,AMERICA'S ISLAMIC HERITAGE MUSEUM
11th & O St NW,31286,38.90843,-77.02714,42,1632.0885147244442,324.25994143187785,MARY BETHUNE COUNCIL HOUSE
10th St & L'Enfant Plaza SW,31287,38.88432272414662,-77.02601015567778,42,2374.1862631300346,404.8281477403287,ARTHUR M. SACKLER GALLERY
Connecticut Ave & Yuma St NW,31318,38.947156,-77.065115,42,5472.449381997542,1151.8399178329391,HILLWOOD MUSEUM
2nd St & Massachusetts Ave NE,31641,38.894972,-77.003135,42,3545.9446420662593,313.8099224176129,SEWALL-BELMONT HOUSE AND MUSEUM
Radford St & Osage St,31908,38.828437,-77.086031,40,8858.073478152292,7952.80819791637,UNITED STATES HOLOCAUST MEMORIAL MUSEUM
East Falls Church Metro / Sycamore St & 19th St N,31904,38.88532071975074,-77.15642720460892,41,9965.751227423954,7136.431245178084,KREEGER MUSEUM
Kennebec St & 11th St N,31905,38.880992,-77.135271,41,8279.739214896268,6074.027019737185,KREEGER MUSEUM
Commonwealth Ave & Oak St,31906,38.812711,-77.061715,40,9919.733869703334,8259.896995404,AMERICA'S ISLAMIC HERITAGE MUSEUM
Commonwealth Ave & E Monroe Ave,31913,38.82005823354218,-77.06282079219818,40,9133.012425438223,7804.5074423825645,AMERICA'S ISLAMIC HERITAGE MUSEUM
4th St & Madison Dr NW,31288,38.8904955,-77.0172465,42,2538.259305893569,95.98724742721915,NATIONAL GALLERY OF ART - EAST BUILDING
Henry Bacon Dr & Lincoln Memorial Circle NW,31289,38.890539,-77.049383,42,1265.4937151769973,730.5448450751004,ART MUSEUM OF THE AMERICAS
17th St & Independence Ave SW,31290,38.888097,-77.038325,42,1485.3930707209713,513.8625727034087,UNITED STATES HOLOCAUST MEMORIAL MUSEUM
Franklin St & S Washington St,31907,38.798133,-77.0487,40,11418.059862981783,8750.984761574595,AMERICA'S ISLAMIC HERITAGE MUSEUM
Mount Vernon Ave & Four Mile Run Park,31909,38.843422,-77.064016,40,6629.231421816293,5518.708556919182,UNITED STATES HOLOCAUST MEMORIAL MUSEUM
4th St & K St NW,31642,38.90240556584194,-77.01600551605225,42,2373.584578466661,480.5225445134631,GERMAN-AMERICAN HERITAGE MUSEUM
Mount Vernon Ave & Bruce St,31912,38.841291,-77.063093,40,6836.677459470323,5688.166810573055,UNITED STATES HOLOCAUST MEMORIAL MUSEUM
Lee Center,31914,38.797557,-77.053766,40,11508.295813719527,9057.72401965973,AMERICA'S ISLAMIC HERITAGE MUSEUM
Powhatan St & Bashford Ln,31915,38.818748,-77.047783,40,9128.221328643362,6924.562757089477,AMERICA'S ISLAMIC HERITAGE MUSEUM
Potomac Ave & Swann Ave,31916,38.829545,-77.047844,40,7931.137486386992,6131.383618589766,AMERICA'S ISLAMIC HERITAGE MUSEUM
14th & Irving St NW,31124,38.928552,-77.032224,42,3216.5503391905,469.70444794483154,MEXICAN CULTURAL INSTITUTE
Vermont Ave & I St NW,31291,38.901136451737045,-77.03445106744766,42,768.0667534707245,347.503169203704,DECATUR HOUSE MUSEUM
Wisconsin Ave & Brandywine St NW,31319,38.949813,-77.080217,42,6303.478052515933,1321.860328414979,AMERICAN UNIVERSITY MUSEUM AT THE KATZEN ARTS CENTER
24th & R St NE / National Arboretum,31520,38.91263,-76.971923,42,6326.70071795233,178.08473564891003,THE NATIONAL BONSAI AND PENJING MUSEUM
Division Ave & Foote St NE,31713,38.897407,-76.925907,42,10191.132497689741,4162.613585566913,THE NATIONAL BONSAI AND PENJING MUSEUM
16th & Q St SE / Anacostia HS,31812,38.870695,-76.982359,42,6261.15897270817,847.880781573431,FREDERICK DOUGLASS NATIONAL HISTORIC SITE
Spring Hill Metro,32200,38.929261,-77.240654,104,17403.640962779642,13195.477853139295,KREEGER MUSEUM
Westpark Dr & Leesburg Pike,32201,38.92403,-77.235955,104,16905.69153661287,12765.34771635565,KREEGER MUSEUM
Tysons One Pl & Chain Bridge Rd,32203,38.919475,-77.221179,104,15565.669584799789,11485.322964540235,KREEGER MUSEUM
Tysons Corner Station,32204,38.920939,-77.222115,104,15668.232874892665,11563.706413138345,KREEGER MUSEUM
Westpark & Jones Branch Dr,32205,38.924437,-77.217664,104,15347.142317550086,11180.470396375853,KREEGER MUSEUM
Jones Branch & Westbranch Dr,32206,38.931911,-77.219261,104,15644.277686680329,11369.233146497681,KREEGER MUSEUM
Westpark & Park Run Dr,32207,38.928919,-77.225394,104,16096.419234638639,11872.47273411951,KREEGER MUSEUM
Tysons West Transit Center,32208,38.932636,-77.231825,104,16725.627463487923,12461.34186064132,KREEGER MUSEUM
North Shore & Cameron Crescent Dr/Crescent Apartments,32209,38.970046,-77.338686,104,26737.045180990503,22098.312185637653,AMERICAN UNIVERSITY MUSEUM AT THE KATZEN ARTS CENTER
Town Center Pkwy & Bowman Towne Dr,32210,38.962524,-77.361902,104,28460.288884984002,23984.639994264173,AMERICAN UNIVERSITY MUSEUM AT THE KATZEN ARTS CENTER
Reston Regional Library,32211,38.962095,-77.358815,104,28189.102783596063,23713.53050674819,AMERICAN UNIVERSITY MUSEUM AT THE KATZEN ARTS CENTER
New Dominion Pkwy & Fountain Dr,32212,38.960574,-77.356324,104,27939.28735418687,23481.360331176016,AMERICAN UNIVERSITY MUSEUM AT THE KATZEN ARTS CENTER
Sunset Hills & Old Reston Ave,32213,38.955079,-77.351649,104,27406.337409848482,23024.071508888886,AMERICAN UNIVERSITY MUSEUM AT THE KATZEN ARTS CENTER
Reston Town Center Transit Station,32214,38.957037,-77.359718,104,28136.371418709266,23738.487667966296,AMERICAN UNIVERSITY MUSEUM AT THE KATZEN ARTS CENTER
1st & D St SE,31643,38.884916,-77.005965,42,3693.262011442546,603.5735591548886,EXHIBITION HALL AT THE U.S. CAPITOL VISITOR CENTER
Wiehle Ave & Reston Station Blvd,32215,38.946607921214984,-77.3393914103508,104,26173.404632102174,21902.120500431887,KREEGER MUSEUM
Library St & Freedom Dr,32216,38.959633,-77.358741,104,28118.703163484588,23679.67695876916,AMERICAN UNIVERSITY MUSEUM AT THE KATZEN ARTS CENTER
Sunset Hills Rd & Discovery Square,32217,38.95534,-77.357611,104,27917.162791187133,23541.577314564835,AMERICAN UNIVERSITY MUSEUM AT THE KATZEN ARTS CENTER
22nd St & Constitution Ave NW,31292,38.892441,-77.048947,42,1059.165739153819,593.8790839497022,INTERIOR MUSEUM
61st St & Banks Pl NE,31714,38.891805,-76.913563,42,11300.223947416329,5394.75445553951,THE NATIONAL BONSAI AND PENJING MUSEUM
Temporary Rd & Old Reston Ave,32218,38.960084,-77.353414,104,27681.347692586973,23224.976200730387,AMERICAN UNIVERSITY MUSEUM AT THE KATZEN ARTS CENTER
Reston YMCA,32219,38.955314,-77.368416,104,28832.001019776242,24475.413137072046,AMERICAN UNIVERSITY MUSEUM AT THE KATZEN ARTS CENTER
Sunset Hills Rd & Isaac Newton Square,32220,38.951443,-77.340377,104,26365.393003989553,22021.675601248342,AMERICAN UNIVERSITY MUSEUM AT THE KATZEN ARTS CENTER
N Lynn St & Fairfax Dr,31917,38.89386,-77.070862,41,2515.5275505104837,1383.727289808988,SPAGNUOLO ART GALLERY
Georgia Ave & Piney Branch Rd NW,31414,38.967505,-77.027976,42,7512.534377957347,2220.8613674109106,ROCK CREEK PARK NATURE CENTER AND PLANETARIUM
Greensboro & International Dr,32221,38.923083,-77.227417,104,16157.896174489633,12023.541155300321,KREEGER MUSEUM
Madison St & Fairfax St,31918,38.812351,-77.040691,40,9832.67598946976,7062.090686709069,AMERICA'S ISLAMIC HERITAGE MUSEUM
Sligo Ave & Carroll Ln,32058,38.990874,-77.016311,44,10258.791032814654,4605.145070015311,ROCK CREEK PARK NATURE CENTER AND PLANETARIUM
15th & W St NW,31125,38.9190185,-77.034449,42,2152.9297532500896,350.14309896677753,MERIDIAN INTERNATIONAL CENTER
12th St & Pennsylvania Ave SE,31644,38.882489,-76.990121,42,5046.167855511477,1141.7836474016615,NATIONAL MUSEUM OF UNITED STATES NAVY
3rd St & Riggs Rd NE,31412,38.957463,-77.002239,42,7218.499694592024,1935.073086422923,LINCOLN'S COTTAGE
Carlin Springs Rd & N Thomas St,31919,38.876695,-77.112982,41,6615.991085034131,4963.975952989901,SPAGNUOLO ART GALLERY
Towers Crescent Dr & Tysons One Pl,32222,38.915246,-77.220157,104,15422.737013807784,11417.815553555845,KREEGER MUSEUM
6th & K St NE,31645,38.90293157359119,-76.99840486049652,42,3900.9931201958557,436.5545439377395,GALLAUDET UNIVERSITY MUSEUM
Pooks Hill Rd & Linden Ave,32057,39.014716,-77.107143,44,13793.913831440008,7752.1619030793745,ROCK CREEK PARK NATURE CENTER AND PLANETARIUM
Takoma Park Rec Center,32059,38.98265,-76.988311,44,10251.411335087914,4979.940755855588,LINCOLN'S COTTAGE
New Hampshire & Kirklynn Ave,32061,38.988101,-76.988422,44,10786.478076017109,5534.316234659289,LINCOLN'S COTTAGE
Wheaton Metro / Georgia Ave & Reedie Dr,32062,39.038423828518326,-77.05102041363716,44,15281.848329765056,8715.609283802754,ROCK CREEK PARK NATURE CENTER AND PLANETARIUM
Amherst Ave & Elkins St,32063,39.044887,-77.047788,44,15989.44246086561,9438.976122651367,ROCK CREEK PARK NATURE CENTER AND PLANETARIUM
Amherst Ave & Prichard Rd,32064,39.035965,-77.048395,44,15000.724808839681,8447.260147865372,ROCK CREEK PARK NATURE CENTER AND PLANETARIUM
Grandview & Blueridge Ave,32065,39.043272,-77.053085,44,15828.151051825922,9254.438681372889,ROCK CREEK PARK NATURE CENTER AND PLANETARIUM
Windham Ln & Amherst Ave,32066,39.032029,-77.04735,44,14561.496171028715,8014.295681709047,ROCK CREEK PARK NATURE CENTER AND PLANETARIUM
North Shore Dr & Village Rd,32223,38.970412,-77.340787,104,26923.148126561002,22284.480527252876,AMERICAN UNIVERSITY MUSEUM AT THE KATZEN ARTS CENTER
Town Center Pkwy & Sunset Hills Rd,32224,38.955170598044894,-77.3630940914154,104,28377.568017711877,24014.16352711076,AMERICAN UNIVERSITY MUSEUM AT THE KATZEN ARTS CENTER
3rd & Underwood St NW,31413,38.968834,-77.016258,42,7897.718477513295,3037.2678838857187,LINCOLN'S COTTAGE
18th & Monroe St NE,31521,38.93293,-76.979517,42,6575.999446305529,1343.0850397765184,AMERICAN POETRY MUSEUM
7th & E St SW,31294,38.88345,-77.021741,42,2692.7895852675074,427.8045881337437,MUSEUM OF THE BIBLE
Shady Grove Metro East,32067,39.121327,-77.164969,43,26643.459087516705,20427.546819641095,ROCK CREEK PARK NATURE CENTER AND PLANETARIUM
Potomac & M St NW,31295,38.905368,-77.065149,42,1959.1080996581115,443.262428147592,SPAGNUOLO ART GALLERY
Columbia & Ontario Rd NW,31296,38.924088,-77.040787,42,2583.3992773513255,442.73629975757257,MEXICAN CULTURAL INSTITUTE
Washington-Liberty High School / N Stafford St & Generals Way,31920,38.888282,-77.111066,41,6043.598577411663,4077.578649188746,SPAGNUOLO ART GALLERY
Westover Library / Washington Blvd & N McKinley Rd,31921,38.886048,-77.142317,41,8747.129151573292,6116.575171809547,KREEGER MUSEUM
Columbia Pike & George Mason Dr,31923,38.859305619982344,-77.10201859474182,41,6876.200094044914,5907.023736288721,SPAGNUOLO ART GALLERY
Columbus Ave & Tribeca St,32068,39.12582811177034,-77.16705948114395,43,27173.913023920755,20952.789486892565,ROCK CREEK PARK NATURE CENTER AND PLANETARIUM
Columbus Ave & Gramercy Blvd,32069,39.12333,-77.16486,43,26844.0765146083,20618.333278384183,ROCK CREEK PARK NATURE CENTER AND PLANETARIUM
Reston Pkwy & Spectrum Dr,32225,38.964207741006206,-77.35428035259247,104,27865.49662993018,23349.265206954795,AMERICAN UNIVERSITY MUSEUM AT THE KATZEN ARTS CENTER
Key West Ave & Great Seneca Hwy,32070,39.105642,-77.20386,43,26647.075560113146,20864.639012040934,ROCK CREEK PARK NATURE CENTER AND PLANETARIUM
Virginia Ave & 25th St NW,31297,38.8995,-77.054155,42,954.3889106864011,674.7892561348438,LUTHER W. BRADY ART GALLERY
15th & M St NW,31298,38.905424,-77.034674,42,901.1764244983619,237.27210087001026,THE WILDERNESS SOCIETY - ANSEL ADAMS COLLECTION
11th & Girard St NW,31126,38.925636,-77.027112,42,3084.1519047437205,545.6512575548065,HOWARD UNIVERSITY GALLERY OF ART
Connecticut Ave & R St NW,31299,38.912644,-77.04564,42,1319.449987501781,164.67550179583324,THE PHILLIPS COLLECTION
Wilson Blvd & N Troy St,31924,38.892556,-77.082089,41,3490.194355275757,1846.796079901678,SPAGNUOLO ART GALLERY
American University East Campus,31320,38.936298,-77.087128,42,5467.172751725638,311.10233561347263,AMERICAN UNIVERSITY MUSEUM AT THE KATZEN ARTS CENTER
15th St & Constitution Ave NW,31321,38.892244,-77.033234,42,1298.443942494149,117.02125248037443,NATIONAL MUSUEM OF AFRICAN AMERICAN HISTORY AND CULTURE
23rd & M St NW,31128,38.905303,-77.050264,42,777.0722098316385,508.5192090002066,O STREET MUSEUM FOUNDATION
Corporate Blvd & Omega Dr,32071,39.106971,-77.192645,43,26281.431634773606,20383.300813114187,ROCK CREEK PARK NATURE CENTER AND PLANETARIUM
Key West Ave & Diamondback Dr,32072,39.106152,-77.202354,43,26627.62919476119,20826.611529660946,ROCK CREEK PARK NATURE CENTER AND PLANETARIUM
Alabama Ave & Stanton Rd SE / Shops at Park Village,31813,38.84627,-76.98185,42,8075.70890932817,1225.6730224045232,ANACOSTIA COMMUNITY MUSEUM
Mississippi Ave & 19th St SE / THEARC,31814,38.84377,-76.97557,42,8647.019677609007,1425.4318443917566,ANACOSTIA COMMUNITY MUSEUM
19th & Savannah St SE,31815,38.84623,-76.97703,42,8361.042206737138,1148.6513682461646,ANACOSTIA COMMUNITY MUSEUM
4th St & Mississippi Ave SE,31816,38.836,-77.0009,42,8090.047535867678,3098.5268622546773,ANACOSTIA COMMUNITY MUSEUM
1st & S Capitol St SE / Oxon Run Trail,31817,38.824481,-77.005497,42,9095.876602483017,4348.457848257114,ANACOSTIA COMMUNITY MUSEUM
Livingston Rd & 3rd St SE,31818,38.82373,-77.00223,42,9278.88545239119,4263.37435138606,ANACOSTIA COMMUNITY MUSEUM
Joliet St & MLK Ave SW/Bald Eagle Rec Ctr,31819,38.81909,-77.01033,42,9522.14483163238,5079.430165838265,ANACOSTIA COMMUNITY MUSEUM
37th & Ely Pl SE,31715,38.883011,-76.949709,42,8359.096303405147,3702.9444125403916,THE NATIONAL BONSAI AND PENJING MUSEUM
15th St & Pennsylvania Ave NW,31129,38.89646474748647,-77.0333808660507,42,991.3941037445767,265.3464938023099,ARMENIAN GENOCIDE MUSEUM AND MEMORIAL
Maine Ave & 9th St SW,31646,38.88044,-77.025236,42,2759.55640429271,834.5624901742618,NATIONAL MUSEUM OF AFRICAN ART
Lincoln Rd & Seaton Pl NE/Harry Thomas Rec Center,31523,38.915,-77.0078,42,3454.233166842363,1315.605521375793,HOWARD UNIVERSITY MUSEUM
Blueridge Ave & Elkin St,32073,39.04313,-77.05006,44,15800.519787166717,9238.95352624162,ROCK CREEK PARK NATURE CENTER AND PLANETARIUM
Georgia Ave & Kennedy St NW,31415,38.95674,-77.02791,42,6341.0477205413945,2090.77155228472,ROCK CREEK PARK NATURE CENTER AND PLANETARIUM
7th St & Massachusetts Ave NE,31647,38.89222,-76.99602,42,4213.321451945761,671.1821249552276,SEWALL-BELMONT HOUSE AND MUSEUM
Anacostia Park,31820,38.87335,-76.9834,42,6030.285408837199,1033.6323321120299,NATIONAL MUSEUM OF UNITED STATES NAVY
Twinbrook Metro,32074,39.062041,-77.120776,43,19107.241860802755,12819.690149087106,ROCK CREEK PARK NATURE CENTER AND PLANETARIUM
White Flint Metro,32075,39.04753,-77.11287,43,17358.676307650403,11076.594707316435,ROCK CREEK PARK NATURE CENTER AND PLANETARIUM
Citadel Ave & McGrath Blvd,32076,39.049,-77.10933,43,17408.55577063807,11078.597420971066,ROCK CREEK PARK NATURE CENTER AND PLANETARIUM
Rockville Pike & Old Georgetown Rd,32077,39.049765,-77.11368,43,17615.709751899423,11328.145883081212,ROCK CREEK PARK NATURE CENTER AND PLANETARIUM
Woodglen Dr & Executive Blvd,32078,39.04317,-77.1135,43,16925.224132132338,10681.418878193872,ROCK CREEK PARK NATURE CENTER AND PLANETARIUM
Executive Blvd & E Jefferson St,32079,39.04873,-77.1257,43,17897.475537572158,11760.730988305935,ROCK CREEK PARK NATURE CENTER AND PLANETARIUM
Fishers Ln & Rock Creek Mill Rd,32080,39.0629,-77.113454,43,18983.979563277473,12622.507056174798,ROCK CREEK PARK NATURE CENTER AND PLANETARIUM
Congressional Ln & E Jefferson St,32081,39.06219,-77.129235,43,19392.188590673868,13191.859149735388,ROCK CREEK PARK NATURE CENTER AND PLANETARIUM
Garland Ave & Walden Rd,32082,39.00048,-77.00077,44,11653.391492428122,6304.125810768164,ROCK CREEK PARK NATURE CENTER AND PLANETARIUM
Greensboro & Pinnacle Dr,32227,38.92245,-77.23034,104,16398.174030467628,12276.51817890222,KREEGER MUSEUM
1301 McCormick Dr / Wayne K. Curry Admin Bldg,32400,38.908391,-76.843263,133,17371.633381402142,10992.123611902227,THE NATIONAL BONSAI AND PENJING MUSEUM
Largo Town Center Metro,32401,38.899811,-76.844604,133,17236.85646979723,10956.975731146957,THE NATIONAL BONSAI AND PENJING MUSEUM
Baltimore Ave & Van Buren St / Riverdale Park Station,32402,38.969581,-76.937349,133,11938.42834279342,6451.60407422243,AMERICAN POETRY MUSEUM
Baltimore Ave & Jefferson St,32403,38.95548,-76.940133,133,10804.83308742739,5380.680351556036,AMERICAN POETRY MUSEUM
Perry & 35th St,32404,38.936213,-76.960054,133,8215.247971545921,2777.4605762675246,THE NATIONAL BONSAI AND PENJING MUSEUM
Potomac Ave & Half St SW,31648,38.86968314861632,-77.01081544160843,42,4466.9744493953995,1396.6213165159522,NATIONAL MUSEUM OF UNITED STATES NAVY
Largo Rd & Campus Way / Prince Georges's Comm Col,32405,38.88994,-76.825535,133,18931.071923462456,12768.249211586779,THE NATIONAL BONSAI AND PENJING MUSEUM
Stanton Square SE,31822,38.855004,-76.984512,42,7209.93751762288,693.2465582384208,ANACOSTIA COMMUNITY MUSEUM
14th & Newton St NW,31649,38.931991,-77.032956,42,3566.215964666539,226.2877808696196,POWHATAN MUSEUM
48th Pl & MacArthur Blvd NW,31322,38.9170363119413,-77.0957824587822,42,4891.967340533889,813.0241102056835,KREEGER MUSEUM
14th & Luzon St NW,31416,38.969489,-77.033509,42,7661.5340257212665,1900.2141901913576,ROCK CREEK PARK NATURE CENTER AND PLANETARIUM
1st & M St SE,31650,38.876893,-77.006072,42,4187.531549176614,1027.8847460273853,NATIONAL MUSEUM OF UNITED STATES NAVY
Fleet St & Waterfront St,32406,38.782633,-77.016059,133,13340.425401895262,8888.987431684694,ANACOSTIA COMMUNITY MUSEUM
Oxon Hill Park & Ride,32407,38.798749,-77.00103,133,11918.951559713112,6755.909511533389,ANACOSTIA COMMUNITY MUSEUM
11th & Park Rd NW,31651,38.93132185874559,-77.02824711799622,42,3620.7980452483544,516.2505008769605,"THE HISTORY OF CANNABIS MUSEUM
"
4th & M St SE,31652,38.876751,-77.000736,42,4563.413794584204,626.3658355833209,NATIONAL MUSEUM OF UNITED STATES NAVY
Kansas Ave & Sherman Cr NW,31417,38.94796174822241,-77.02154964208603,42,5554.560784406423,1096.4619467975244,LINCOLN'S COTTAGE
Campus Commons,32228,38.944707,-77.335425,104,25795.768363168067,21535.415904842153,KREEGER MUSEUM
Park Run & Onyx Dr,32229,38.92755,-77.226644,104,16174.464079452231,11971.835225734949,KREEGER MUSEUM
7th & K St NW,31653,38.902674,-77.021392,42,1910.6090052978482,134.6430698743262,HISTORICAL SOCIETY OF WASHINGTON DC
King Greenleaf Rec Center,31654,38.876211,-77.012443,42,3831.388001530324,1040.0443467730965,MUSEUM OF THE BIBLE
Montello Ave & Holbrook Terr NE,31524,38.907444,-76.986813,42,4953.421383874338,727.9890655983181,GALLAUDET UNIVERSITY MUSEUM
New Jersey Ave & F St NW,31655,38.897108,-77.011616,42,2780.6185427427836,154.368534078666,D.C. FIRE AND EMS MUSEUM
Maryland Ave & 17th St NE,31656,38.901935,-76.978627,42,5611.331645970524,1387.3561355698457,THE NATIONAL BONSAI AND PENJING MUSEUM
Massachusetts Ave & 6th St NE,31657,38.892934,-76.998273,42,4005.0332423099553,482.8746178884236,SEWALL-BELMONT HOUSE AND MUSEUM
Woodley Park Metro / Calvert St & Connecticut Ave NW,31323,38.923389,-77.051833,42,2603.9780239906136,832.7606460295247,NATIONAL ZOOLOGICAL PARK
McLean Metro,32230,38.92400207520182,-77.20812678337097,104,14524.152181533536,10352.518532865037,KREEGER MUSEUM
Trinidad Rec Center,31525,38.906299,-76.983221,42,5245.834893642398,1017.2826002948641,GALLAUDET UNIVERSITY MUSEUM
Rosedale Rec Center,31658,38.897808,-76.979634,42,5533.617706889662,1594.6642972270693,GALLAUDET UNIVERSITY MUSEUM
11th & C St SE,31659,38.885908,-76.991476,42,4794.209986679787,1273.2214116236848,SEWALL-BELMONT HOUSE AND MUSEUM
New Hampshire & Gallatin St NW,31418,38.951596,-77.012808,42,6218.165368581843,1102.2520223970607,LINCOLN'S COTTAGE
United Medical Center,31823,38.835737,-76.983144,42,8921.099215454433,2378.314806596575,ANACOSTIA COMMUNITY MUSEUM
18th & New Hampshire Ave NW,31324,38.911268,-77.041829,42,1158.0408013267722,81.78454608901568,WHITTEMORE HOUSE
Dunn Loring Metro,32231,38.8828,-77.2283,104,16175.53638416333,12857.829405395642,KREEGER MUSEUM
Oglethorpe St & 42nd Ave,32408,38.959361,-76.946361,133,10619.620511938982,5143.652515894346,AMERICAN POETRY MUSEUM
Southern Ave Metro,32409,38.840107,-76.9753,133,8965.044924441116,1832.7034458293351,ANACOSTIA COMMUNITY MUSEUM
Queens Chapel & Hamilton St,32410,38.9546,-76.9595,133,9399.11934508138,3913.3670590263114,AMERICAN POETRY MUSEUM
Northwestern High School,32411,38.975505,-76.952199,133,11444.791165785711,6017.442086836599,AMERICAN POETRY MUSEUM
New Hampshire Ave & East-West Hwy,32412,38.974205,-76.995227,133,9143.198787526939,3882.901900855565,LINCOLN'S COTTAGE
Rhode Island Ave & 39th St / Brentwood Arts Exchange,32413,38.939271,-76.955047,133,8759.18157991895,3248.599107096666,THE NATIONAL BONSAI AND PENJING MUSEUM
Riggs Rd & East West Hwy,32414,38.9725,-76.9807,133,9624.960775157639,4352.367246178349,LINCOLN'S COTTAGE
Tanger Outlets,32415,38.7968,-77.0026,133,12084.453779020121,7004.269825280077,ANACOSTIA COMMUNITY MUSEUM
Chillum Rd & Riggs Rd / Riggs Plaza,32416,38.961737,-76.995922,133,7905.080234777265,2614.324682144057,LINCOLN'S COTTAGE
Hyattsville Library / Adelphi Rd & Toledo Rd,32417,38.9698,-76.9493,133,11177.322514222584,5704.344256371388,AMERICAN POETRY MUSEUM
Meridian High School / Haycock Rd & Leesburg Pike,32600,38.895172,-77.190275,152,12766.014450160657,9290.313626660401,KREEGER MUSEUM
State Theatre / Park Pl & N Washington St,32601,38.882746,-77.170032,152,11178.208665965189,8281.108556163135,KREEGER MUSEUM
N Oak St & W Broad St,32602,38.88837,-77.179832,152,11926.192887586145,8731.541756162233,KREEGER MUSEUM
Pennsylvania Ave & Park Ave,32603,38.887403,-77.176992,152,11694.8730137328,8556.911789734873,KREEGER MUSEUM
E Fairfax St & S Washington St,32604,38.880612,-77.171891,152,11381.551539753338,8543.615098196877,KREEGER MUSEUM
N Roosevelt St & Roosevelt Blvd,32606,38.878085,-77.153953,152,9928.841661405535,7458.478932868789,KREEGER MUSEUM
W Broad St & Little Falls St,32605,38.883601,-77.173438,152,11452.624053682352,8485.995755048749,KREEGER MUSEUM
S Maple Ave & S Washington St,32607,38.87972,-77.178408,152,11955.458231967348,9076.51265572494,KREEGER MUSEUM
Falls Church City Hall / Park Ave & Little Falls St,32608,38.885434,-77.173605,152,11434.444977719537,8398.486505129193,KREEGER MUSEUM
W Columbia St & N Washington St,32609,38.885621,-77.166917,152,10857.869057677011,7884.529479022767,KREEGER MUSEUM
West Falls Church Metro,32232,38.9001,-77.1887,104,12613.412259086883,8998.34762081747,KREEGER MUSEUM
Jones Branch Drive & Scotts Crossing Rd,32233,38.928502,-77.215624,104,15256.594480128228,11024.06925612684,KREEGER MUSEUM
Georgia Ave & Morton St NW,31419,38.932128,-77.0235,42,3868.737614062277,307.8252171277575,"THE HISTORY OF CANNABIS MUSEUM
"
Merrilee Dr & Lauren Elizabeth Lane,32234,38.879355,-77.230681,104,16432.21266171955,13184.836568342182,KREEGER MUSEUM
Merrifield Cinema & Merrifield Town Center,32235,38.870093,-77.22997,104,16553.71409050217,13532.01881872908,KREEGER MUSEUM
Rhode Island & Montana Ave NE,31526,38.9243,-76.9859,42,5615.451728272033,1233.2613403076189,AMERICAN POETRY MUSEUM
7th & S St NW,31130,38.9142043187298,-77.0221745967865,42,2353.5280163445,371.33786905134696,AFRICAN AMERICAN CIVIL WAR MEMORIAL MUSEUM
North Capitol & R St NE,31527,38.912524,-77.008798,42,3259.06036849078,1417.0865502733225,GALLAUDET UNIVERSITY MUSEUM
17th & Upshur St NW,31420,38.942146,-77.038684,42,4596.347974925846,1113.2156255268849,POWHATAN MUSEUM
Grant Circle,31421,38.942024743273045,-77.01822102069855,42,5057.002035697739,560.5824670479936,LINCOLN'S COTTAGE
14th & Otis Pl NW,31131,38.934405,-77.032687,42,3831.7136649480976,328.1944473461451,POWHATAN MUSEUM
John McCormack Rd NE,31528,38.938889,-76.997226,42,5809.602677649758,657.0421733641382,THE SAINT JOHN PAUL II NATIONAL SHRINE
West Hyattsville Metro,32418,38.955349,-76.968084,133,8892.546467467317,3419.856612122641,AMERICAN POETRY MUSEUM
Capitol Heights Metro,32419,38.888524,-76.913188,133,11371.124099261691,5587.653654749561,THE NATIONAL BONSAI AND PENJING MUSEUM
Prince George's Plaza Metro,32420,38.965742,-76.954803,133,10521.27655432678,5049.071980521616,AMERICAN POETRY MUSEUM
Riverdale Park Town Center,32421,38.962119,-76.935578,133,11551.364816728745,6091.9205159443445,AMERICAN POETRY MUSEUM
The Mall at Prince Georges,32422,38.968842,-76.954171,133,10798.688688249571,5339.519260633584,AMERICAN POETRY MUSEUM
Wheaton Library & Community Rec Center,32084,39.0473228,-77.0510969,44,16269.161570198597,9703.48367344011,ROCK CREEK PARK NATURE CENTER AND PLANETARIUM
Edgewood Rec Center,31529,38.924144,-77.002098,42,4407.823170809501,1143.9819109591058,AMERICAN POETRY MUSEUM
8th & K St NE,31660,38.90273216425078,-76.99514991079923,42,4181.776831108684,338.4478176459472,GALLAUDET UNIVERSITY MUSEUM
Kingman Island/The Fields at RFK,31716,38.89595455700754,-76.9678448436025,42,6568.727021402887,1834.613540870096,THE NATIONAL BONSAI AND PENJING MUSEUM
Kenilworth Terrace & Hayes St. NE,31717,38.90046848783359,-76.9472873210907,42,8328.98524472298,2366.2885674808626,THE NATIONAL BONSAI AND PENJING MUSEUM
National Harbor Carousel,32423,38.7859,-77.0167,133,12973.624197175472,8577.525631681501,ANACOSTIA COMMUNITY MUSEUM
Valley Ave & Wheeler Rd SE,31824,38.83664578175751,-76.99358886515256,42,8336.251729997633,2650.195748326635,ANACOSTIA COMMUNITY MUSEUM
Ridge Rd Community Center,31718,38.876227445751475,-76.94098126958124,42,9290.32129786159,3796.5726042466945,ANACOSTIA COMMUNITY MUSEUM
Fort Stanton Rec Center,31825,38.85736903758752,-76.97768801437633,42,7467.7849213928885,118.08897398594961,ANACOSTIA COMMUNITY MUSEUM
Reservoir Rd & 38th St NW,31325,38.91261359469192,-77.07432264076488,42,2988.6321235918253,789.1701415576849,SPAGNUOLO ART GALLERY
22nd & H St NW,31127,38.89892546716842,-77.04885238395946,42,529.1927043301935,211.9475333241976,THE TEXTILE MUSUEM
8th & H St NE,31661,38.899941626884754,-76.99489653110504,42,4200.237018386359,647.7024360470315,GALLAUDET UNIVERSITY MUSEUM
Hardy Rec Center,31326,38.90970086204467,-77.08564639091492,42,3800.91583536412,1381.7436631730768,KREEGER MUSEUM
The Shoppes @ Burnt Mills,32085,39.0313141,-77.0041217,44,14870.7412011018,8933.213166988107,ROCK CREEK PARK NATURE CENTER AND PLANETARIUM
Briggs Chaney & Castle Dr,32086,39.081638,-76.945495,44,21780.547762196904,16345.306195926476,ROCK CREEK PARK NATURE CENTER AND PLANETARIUM
White Oak Rec Center,32087,39.0461435,-76.9757228,44,17154.719257706012,11615.897738155394,ROCK CREEK PARK NATURE CENTER AND PLANETARIUM
Briggs Chaney Park & Ride,32088,39.0778751,-76.9418666,44,21522.852309283455,16184.451812097343,ROCK CREEK PARK NATURE CENTER AND PLANETARIUM
Stewart & April,32090,39.0449444,-76.9811552,44,16873.57685098779,11243.99963944286,ROCK CREEK PARK NATURE CENTER AND PLANETARIUM
Stewart Ln & Old Columbia Pike,32091,39.0456521,-76.9854381,44,16833.786083583866,11113.997168832357,ROCK CREEK PARK NATURE CENTER AND PLANETARIUM
New Hampshire & Lockwood,32089,39.0391022,-76.9918237,44,15977.913989408999,10206.268373709243,ROCK CREEK PARK NATURE CENTER AND PLANETARIUM
Castle Blvd & Castle Ln,32092,39.085314,-76.940547,44,22324.427546394647,16924.08869859936,ROCK CREEK PARK NATURE CENTER AND PLANETARIUM
Oak Leaf & Lockwood,32094,39.0379809,-76.9945391,44,15793.844989193192,9980.5278002271,ROCK CREEK PARK NATURE CENTER AND PLANETARIUM
White Oak Transit Center,32093,39.04104,-76.987125,44,16301.518346059729,10601.072776819097,ROCK CREEK PARK NATURE CENTER AND PLANETARIUM
Wilson Blvd. & N. Vermont St.,31926,38.87947660895433,-77.11456328630447,41,6624.455022829082,4872.845027941238,SPAGNUOLO ART GALLERY
Oklahoma Ave & Benning Rd NE,31719,38.8974996,-76.9695094,42,6412.394819572627,1654.8222291761806,THE NATIONAL BONSAI AND PENJING MUSEUM
Minnesota Ave & R St SE,31826,38.8693365,-76.978519,42,6623.539478746339,877.9945622729325,FREDERICK DOUGLASS NATIONAL HISTORIC SITE
Vy Reston Heights,32236,38.949008,-77.355299,104,27577.933498388134,23298.99964702572,AMERICAN UNIVERSITY MUSEUM AT THE KATZEN ARTS CENTER
1st & K St NE,31662,38.902386,-77.005649,42,3270.2449519362017,520.4281201474482,NATIONAL POSTAL MUSEUM
Wheeler Ave & S. Floyd St.,31927,38.808161,-77.100796,40,11441.14963742297,10532.909842035635,UNITED STATES HOLOCAUST MEMORIAL MUSEUM
N. Beauregard St. & Berkley St.,31928,38.840797,-77.108938,40,8773.046959250583,8015.344455852249,SPAGNUOLO ART GALLERY
Mt Vernon Trail & S. Washington St.,31929,38.7930647,-77.049436,40,11982.918685129825,9255.589358908275,AMERICA'S ISLAMIC HERITAGE MUSEUM
Eisenhower Ave & Ike Dr,31930,38.802738,-77.0824626,40,11415.193031481725,10271.968077066287,UNITED STATES HOLOCAUST MEMORIAL MUSEUM
Capitol Ave & Kendall St NE,31530,38.910993,-76.985854,42,5107.3420274891405,977.3038405514912,GALLAUDET UNIVERSITY MUSEUM
14th & D St SE,31663,38.8840581,-76.9863852,42,5279.899558716425,1447.8626841515547,NATIONAL MUSEUM OF UNITED STATES NAVY
Half & Water St SW,31664,38.866277,-77.010551,42,4779.945435963462,1521.1162325338228,NATIONAL MUSEUM OF UNITED STATES NAVY
14th & Q St NW,31327,38.910674,-77.03188,42,1469.2125433280848,291.8043089890778,MARY BETHUNE COUNCIL HOUSE
13th & U St NW,31132,38.91693645323652,-77.0296311378479,42,2138.924766877743,374.23996685871623,AFRICAN AMERICAN CIVIL WAR MEMORIAL MUSEUM
Stadium Armory Metro,31665,38.88548252734069,-76.97718724608421,42,5985.629942112139,2093.0138976265803,NATIONAL MUSEUM OF UNITED STATES NAVY
Broad Branch Rd & Northampton St NW,31422,38.96577499342219,-77.06862643361092,42,7529.399764754107,1605.8445956008045,ROCK CREEK PARK NATURE CENTER AND PLANETARIUM
N Pitt St & Montgomery St,31931,38.81403111409755,-77.04281687736511,40,9643.64620448115,7028.409461118859,AMERICA'S ISLAMIC HERITAGE MUSEUM
21st St & G st NW,31328,38.89830173667249,-77.04691261053085,42,425.9247354045997,69.78102171469803,THE TEXTILE MUSUEM
4th St & G St SW,31666,38.881123,-77.017658,42,3125.614334261909,414.1025530813785,MUSEUM OF THE BIBLE
Kansas Ave & Longfellow St NW,31423,38.958098,-77.013821,42,6844.991260350062,1829.0539677997688,LINCOLN'S COTTAGE
National Airport,31935,38.852903,-77.045916,41,5333.130864882735,3921.6646883421404,UNITED STATES HOLOCAUST MEMORIAL MUSEUM
Fern St & Army Navy Dr,31936,38.864838,-77.056873,41,4172.997064369631,3207.079594116496,UNITED STATES HOLOCAUST MEMORIAL MUSEUM
Arlington Blvd & Ft Myer Dr,31937,38.890863,-77.074893,41,2958.629786128609,1764.301451199519,SPAGNUOLO ART GALLERY
23rd St S & Hayes St,31938,38.853002,-77.059496,41,5499.907499912055,4403.676396763622,UNITED STATES HOLOCAUST MEMORIAL MUSEUM
Wilson Blvd & N Oak St,31939,38.895068,-77.07386,41,2729.0106114962414,1289.6977615617252,SPAGNUOLO ART GALLERY
Arlington Blvd & Fairfax Dr,31940,38.88625606692058,-77.08426237106323,41,3907.9185554400315,2542.2445255487746,SPAGNUOLO ART GALLERY
2nd & V St SW / James Creek Marina,31667,38.863743,-77.013814,42,4853.950425051001,1904.2737953456249,AMERICA'S ISLAMIC HERITAGE MUSEUM
1st St & Potomac Ave SE,31668,38.871841,-77.00591,42,4575.049316258395,929.9059595474548,NATIONAL MUSEUM OF UNITED STATES NAVY
20th & Columbia Rd NW,31133,38.918036,-77.045487,42,1911.7660289239752,411.823015915985,L. RON HUBBARD HOUSE
3rd & M st SE,31669,38.876823,-77.002161,42,4459.155920056541,728.6043607396902,NATIONAL MUSEUM OF UNITED STATES NAVY
53rd & D St SE/C.W. Harris Elementary,31671,38.883318,-76.925315,42,10420.547318710984,5037.729281128436,THE NATIONAL BONSAI AND PENJING MUSEUM
N Hampton Dr & Ford Ave,31941,38.837306,-77.106111,40,8919.344801552614,8272.887207394528,SPAGNUOLO ART GALLERY
Whiting & Lane Dr,31942,38.809709,-77.135788,40,12920.306338460985,12144.932905530295,SPAGNUOLO ART GALLERY
N Howard St & Taney Ave,31943,38.815842,-77.110014,40,11076.706955848034,10339.37824635339,UNITED STATES HOLOCAUST MEMORIAL MUSEUM
Anacostia Roller Skating Pavillion,31720,38.878771,-76.97093,42,6742.334240935749,2108.859603615872,FREDERICK DOUGLASS NATIONAL HISTORIC SITE
S Clark St & 33rd St,31944,38.845028,-77.051956,41,6247.8429100922,4917.199409577626,UNITED STATES HOLOCAUST MEMORIAL MUSEUM
Columbia Pike & S Greenbrier St,31945,38.854019,-77.118106,41,8320.054532109065,7144.263431813687,SPAGNUOLO ART GALLERY
Kenmore Ave & Seminary Rd,31946,38.828887,-77.110588,40,9900.273498381164,9285.097212498651,SPAGNUOLO ART GALLERY
Rosslyn Metro / Wilson Blvd & N Moore St,31947,38.896086906318665,-77.07145214080809,41,2499.9668011667995,1140.905679590004,SPAGNUOLO ART GALLERY
W&OD Trail & Langston Blvd,31948,38.88715,-77.16212,41,10420.68822838107,7440.3434578714505,KREEGER MUSEUM
Roosevelt Center & Crescent Rd,32424,39.00031,-76.878005,133,18086.137870710823,12596.499618738684,THE NATIONAL BONSAI AND PENJING MUSEUM
Crescent Rd & Ridge Rd,32425,39.006191,-76.891247,133,17616.81116672565,12131.776513835472,AMERICAN POETRY MUSEUM
Greenbelt Station Parkway,32426,39.002459,-76.916243,133,15761.423385194312,10312.142602989728,AMERICAN POETRY MUSEUM
Baron Cameron Ave & North Hampton Ave,32237,38.966344,-77.359341,104,28349.77724445313,23813.481259724867,AMERICAN UNIVERSITY MUSEUM AT THE KATZEN ARTS CENTER
Ridge Heights Rd & Seahawks Dr,32238,38.936061,-77.337775,104,25835.119987530034,21648.314049556917,KREEGER MUSEUM
Becontree Ln & Goldenrain Ct,32239,38.966848,-77.329282,104,25854.822809531157,21239.514179711914,AMERICAN UNIVERSITY MUSEUM AT THE KATZEN ARTS CENTER
Ring Rd & North Shore Dr,32240,38.970807,-77.326761,104,25773.516167801354,21091.648442312657,AMERICAN UNIVERSITY MUSEUM AT THE KATZEN ARTS CENTER
Reston Pkwy & Bennington Woods Rd,32241,38.973625,-77.351837,104,27942.77501372996,23286.605359179077,AMERICAN UNIVERSITY MUSEUM AT THE KATZEN ARTS CENTER
Inlet Ct & Wiehle Dr,32242,38.965979,-77.334359,104,26250.74540843207,21661.671011235023,AMERICAN UNIVERSITY MUSEUM AT THE KATZEN ARTS CENTER
Fairway Dr & Hook Rd,32243,38.963314,-77.342546,104,26856.535623604086,22327.650468118645,AMERICAN UNIVERSITY MUSEUM AT THE KATZEN ARTS CENTER
Vantage Hill Rd & Wainwright Dr,32244,38.9667,-77.348487,104,27451.57255324991,22885.7528781089,AMERICAN UNIVERSITY MUSEUM AT THE KATZEN ARTS CENTER
Links Dr & Wedge Dr,32245,38.959025,-77.339295,104,26464.929753524044,21995.57520458706,AMERICAN UNIVERSITY MUSEUM AT THE KATZEN ARTS CENTER
Golf Course Sq and Golf Course Dr,32246,38.944013,-77.353552,104,27327.69578158075,23088.80130706247,KREEGER MUSEUM
South Lakes Dr and Reston Pkwy,32247,38.94335,-77.362304,104,28062.932628573788,23836.15237978617,KREEGER MUSEUM
Olde Crafts Dr and Cartwright Pl,32248,38.938797,-77.354067,104,27277.35054257169,23079.79136441283,KREEGER MUSEUM
Green Range Dr and Glade Dr,32249,38.93714618600706,-77.36786842346191,104,28434.351068641954,24259.575732358913,KREEGER MUSEUM
South Gate Community Center,32250,38.941496,-77.366499,104,28388.586397736995,24179.03243553949,KREEGER MUSEUM
Lake Newport Rd and Autumn Ridge Cir,32251,38.97850255151454,-77.35345423221588,104,28236.62956647777,23518.791077021786,AMERICAN UNIVERSITY MUSEUM AT THE KATZEN ARTS CENTER
Ridge Heights and Owl Cove Ln,32252,38.933923,-77.331653,104,25275.263406553688,21102.87437277501,KREEGER MUSEUM
Soapstone Dr Convenience Center,32253,38.93051,-77.345874,104,26447.030974447905,22314.80939319177,KREEGER MUSEUM
Columbia Pike & S Scott St/12th St S,31949,38.863556,-77.077201,41,5083.263018006537,4488.498233727452,ART MUSEUM OF THE AMERICAS
St. Elizabeths West Campus/DHS,31827,38.853124,-77.005174,42,6251.048188646652,1610.00437438654,AMERICA'S ISLAMIC HERITAGE MUSEUM
Long Bridge Aquatic Center,31950,38.87056104566178,-77.04409494996071,41,3368.733680669652,2045.1373347035467,UNITED STATES HOLOCAUST MEMORIAL MUSEUM
8th Rd & S Frederick St,31951,38.857049,-77.116339,41,7991.645220865178,6781.900540669987,SPAGNUOLO ART GALLERY
MBT & Bryant St NE,31531,38.92240364115446,-76.9960230588913,42,4744.7853100308575,1161.1951170626921,AMERICAN POETRY MUSEUM
N Howard St & N Imboden St,31952,38.818509,-77.105564,40,10623.772966269873,9863.845005882815,UNITED STATES HOLOCAUST MEMORIAL MUSEUM
Hartland Rd & Harte Pl,32255,38.878601,-77.222808,104,15769.742053672833,12581.394250895371,KREEGER MUSEUM
North Village and Park Garden,32256,38.983199,-77.341823,104,27446.33617215883,22635.33273199911,AMERICAN UNIVERSITY MUSEUM AT THE KATZEN ARTS CENTER
8th & V St NW,31134,38.917716,-77.022684,42,2585.055580873474,272.4069822830536,AFRICAN AMERICAN CIVIL WAR MEMORIAL MUSEUM
17th & P St NW,31330,38.909858,-77.038566,42,1075.9055888707633,375.10248984636524,WHITTEMORE HOUSE
Arizona Ave & MacArthur Blvd NW,31331,38.927294,-77.103662,42,5999.452075693695,1422.590835280295,KREEGER MUSEUM
11th & V st NW,31332,38.918199,-77.027171,42,2375.9564569452227,250.73080747814248,AFRICAN AMERICAN CIVIL WAR MEMORIAL MUSEUM
4th & Florida Ave NE,31532,38.90731645057457,-77.00069814920425,42,3763.446365278486,528.771684167316,GALLAUDET UNIVERSITY MUSEUM
S Pickett St & Shillings St,31953,38.804486,-77.132334,40,13201.899132483923,12527.788683143028,SPAGNUOLO ART GALLERY
S Jordan St & Venable St,31954,38.811361,-77.109975,40,11502.089278977932,10720.608129951246,UNITED STATES HOLOCAUST MEMORIAL MUSEUM
King St & Peyton St,31955,38.806002,-77.055911,40,10591.604895746972,8442.881663520831,AMERICA'S ISLAMIC HERITAGE MUSEUM
10th & H St NE,31672,38.899984,-76.992725,42,4388.441659589318,670.831190685125,GALLAUDET UNIVERSITY MUSEUM
Reed and Edison,31956,38.83728,-77.060899,40,7225.908003295371,6006.0296054661585,UNITED STATES HOLOCAUST MEMORIAL MUSEUM
King St & Kenwood Ave,31957,38.824793,-77.085066,40,9193.687118638276,8238.594041521452,UNITED STATES HOLOCAUST MEMORIAL MUSEUM
S Washington St & Wilkes St,31958,38.800703,-77.048043,40,11130.750703364194,8483.896268918776,AMERICA'S ISLAMIC HERITAGE MUSEUM
Main Line Blvd & E Glebe,31959,38.832431,-77.049772,40,7621.670814440711,6078.894274756957,AMERICA'S ISLAMIC HERITAGE MUSEUM
Commonwealth and Reed,31960,38.8368376462948,-77.05727398395538,40,7214.4149578704755,5930.561739630661,UNITED STATES HOLOCAUST MEMORIAL MUSEUM
Fillmore & Bisdorf,31961,38.83863,-77.116206,40,9371.194178608268,8511.816302631056,SPAGNUOLO ART GALLERY
